name,email,phone no,age,city,country,occupation,state,fav sport
Priya Kulkarni,priya.kulkarni1@example.com,8947952860,60.0,New York,USA,Designer,,Swimming
Sneha Rathore,sneha.rathore2@example.com,7041193257,,Bhopal,,Manager,Madhya Pradesh,Cricket
Sai Reddy,sai.reddy3@example.com,7084382777,64.0,Los Angeles,USA,,California,Tennis
Vivaan Verma,vivaan.verma4@example.com,9433768443,36.0,Pune,India,Engineer,Maharashtra,Swimming
,priya.sharma5@example.com,6118404801,41.0,Munich,Germany,Designer,Bavaria,Volleyball
Sneha Mehta,sneha.mehta6@example.com,8412742410,60.0,Jaipur,India,Designer,,
Arjun Das,arjun.das7@example.com,9851412051,56.0,Singapore,Singapore,Designer,Singapore,Volleyball
,ananya.kulkarni8@example.com,6706926116,43.0,Munich,Germany,,Bavaria,Volleyball
Rahul Khan,rahul.khan9@example.com,7403235461,24.0,Berlin,Germany,Accountant,Berlin,Basketball
,rahul.gupta10@example.com,7223521069,27.0,Manchester,UK,Developer,England,Basketball
Aarav Gupta,aarav.gupta11@example.com,9380782291,,Toronto,Canada,Engineer,Ontario,
Karan Kulkarni,karan.kulkarni12@example.com,7845603909,62.0,Munich,Germany,Analyst,Bavaria,Badminton
Meera Singh,meera.singh13@example.com,6002116161,48.0,Jaipur,India,Developer,Rajasthan,Volleyball
Arjun Mishra,arjun.mishra14@example.com,7817805014,27.0,Pune,India,Doctor,Maharashtra,Tennis
Vivaan Joshi,vivaan.joshi15@example.com,8675161969,,Los Angeles,USA,Analyst,California,Kabaddi
Diya Gupta,diya.gupta16@example.com,6328945222,33.0,Los Angeles,USA,Engineer,California,Cricket
Priya Mishra,priya.mishra17@example.com,7907694917,25.0,Manchester,UK,Consultant,England,Swimming
Priya Khan,priya.khan18@example.com,7954856294,,Vancouver,Canada,Analyst,,Tennis
Ananya Patel,ananya.patel19@example.com,9335840751,36.0,,,Developer,Ontario,Swimming
Kabir Joshi,kabir.joshi20@example.com,9891049589,47.0,Los Angeles,USA,Doctor,California,Cricket
Ananya Reddy,ananya.reddy21@example.com,6807503773,27.0,Toronto,Canada,Engineer,Ontario,Kabaddi
Vivaan Sharma,vivaan.sharma22@example.com,7631246707,61.0,Los Angeles,USA,Analyst,California,
Karan Gupta,karan.gupta23@example.com,9000481157,27.0,New York,USA,,New York,Football
Meera Jain,meera.jain24@example.com,6087881180,,Los Angeles,USA,Student,,Volleyball
Meera Verma,meera.verma25@example.com,6187011367,27.0,Chicago,USA,Developer,,Badminton
Aditya Sharma,,6153352634,58.0,New York,USA,Engineer,New York,Volleyball
Vivaan Joshi,vivaan.joshi27@example.com,8787660493,,Mumbai,India,Accountant,Maharashtra,Kabaddi
Priya Patel,priya.patel28@example.com,6809390036,48.0,Pune,India,Teacher,,Football
Yash Khan,yash.khan29@example.com,9993867382,47.0,New York,USA,Accountant,New York,Swimming
Kabir Nair,kabir.nair30@example.com,8346241482,32.0,,India,Manager,Maharashtra,Hockey
,sai.sharma31@example.com,8954947115,27.0,Chennai,,Doctor,Tamil Nadu,Hockey
Priya Kulkarni,priya.kulkarni32@example.com,7859245791,47.0,Munich,Germany,Analyst,Bavaria,Hockey
Aarav Sharma,aarav.sharma33@example.com,7206632493,57.0,Ahmedabad,India,Student,Gujarat,Football
Rohan Nair,rohan.nair34@example.com,9508298243,44.0,,USA,Manager,California,Volleyball
Priya Singh,priya.singh35@example.com,8408131737,54.0,Bengaluru,India,Consultant,Karnataka,Volleyball
Ananya Singh,ananya.singh36@example.com,9186886472,65.0,Los Angeles,USA,Accountant,California,Badminton
Neha Mehta,neha.mehta37@example.com,9585703728,62.0,Mumbai,India,,Maharashtra,Swimming
Ananya Gupta,,7842703904,39.0,London,UK,Doctor,England,Basketball
Rohan Nair,,9722362378,52.0,Melbourne,Australia,Analyst,Victoria,Kabaddi
Vivaan Rathore,vivaan.rathore40@example.com,8476854921,27.0,,,Developer,Berlin,Basketball
,aditya.patel41@example.com,7050219512,61.0,Pune,India,Analyst,Maharashtra,Swimming
Krishna Reddy,krishna.reddy42@example.com,8559145404,42.0,Toronto,Canada,Teacher,Ontario,Cricket
Ananya Sharma,ananya.sharma43@example.com,8302587899,35.0,Lucknow,,Doctor,Uttar Pradesh,Hockey
Priya Rathore,priya.rathore44@example.com,7015383818,51.0,Bengaluru,India,Accountant,Karnataka,Basketball
Sneha Rathore,sneha.rathore45@example.com,7312898149,,Chennai,India,Accountant,Tamil Nadu,Basketball
Ishaan Nair,ishaan.nair46@example.com,7715770599,,Toronto,Canada,Doctor,Ontario,Kabaddi
Rohan Mehta,rohan.mehta47@example.com,6009650499,62.0,Pune,India,Accountant,Maharashtra,Kabaddi
Vivaan Singh,vivaan.singh48@example.com,,48.0,New York,USA,Student,,Kabaddi
Kabir Rathore,,,46.0,Munich,Germany,Consultant,Bavaria,Kabaddi
Priya Joshi,priya.joshi50@example.com,9276997611,35.0,Chennai,India,,Tamil Nadu,Chess
Meera Patel,meera.patel51@example.com,6110398781,58.0,Chicago,USA,Doctor,Illinois,Swimming
Aditya Kulkarni,aditya.kulkarni52@example.com,6739921777,59.0,Sydney,Australia,Analyst,New South Wales,Tennis
Priya Patel,priya.patel53@example.com,,63.0,Chicago,USA,Teacher,Illinois,Tennis
,aarav.sharma54@example.com,8594232094,37.0,Chicago,USA,Doctor,,Cricket
Neha Patel,neha.patel55@example.com,7467255598,44.0,Mumbai,India,Doctor,Maharashtra,Swimming
Yash Gupta,yash.gupta56@example.com,8486618997,26.0,Berlin,Germany,Student,Berlin,Badminton
Ananya Jain,ananya.jain57@example.com,,28.0,,India,,Uttar Pradesh,Volleyball
Priya Das,priya.das58@example.com,7206927331,44.0,Los Angeles,,Developer,California,Chess
Rohan Joshi,rohan.joshi59@example.com,8974037978,59.0,Bhopal,,Doctor,Madhya Pradesh,Cricket
,rohan.verma60@example.com,9064921345,54.0,Bengaluru,India,Designer,Karnataka,Cricket
Sai Joshi,sai.joshi61@example.com,9265375307,22.0,Munich,Germany,Doctor,,Kabaddi
Priya Kulkarni,priya.kulkarni62@example.com,9529995820,42.0,Toronto,,Manager,Ontario,Cricket
Priya Joshi,,6163506352,20.0,Chicago,USA,Analyst,Illinois,Volleyball
Yash Verma,yash.verma64@example.com,,19.0,Singapore,Singapore,Developer,Singapore,
Ishaan Reddy,ishaan.reddy65@example.com,9091253742,28.0,Sydney,Australia,Analyst,New South Wales,Kabaddi
Ananya Mehta,ananya.mehta66@example.com,7938255333,55.0,Toronto,Canada,Teacher,Ontario,Basketball
Rohan Verma,rohan.verma67@example.com,6539732069,41.0,Munich,Germany,,Bavaria,Swimming
Krishna Sharma,krishna.sharma68@example.com,7641603550,59.0,Bhopal,India,Consultant,Madhya Pradesh,Kabaddi
Aditya Verma,aditya.verma69@example.com,8133478067,,Toronto,Canada,Accountant,Ontario,Kabaddi
Sneha Sharma,sneha.sharma70@example.com,8169794426,21.0,Chicago,USA,Teacher,Illinois,Badminton
Meera Patel,meera.patel71@example.com,8270679501,,Berlin,Germany,Consultant,Berlin,Volleyball
Vivaan Rathore,vivaan.rathore72@example.com,9787270960,,Munich,Germany,Analyst,Bavaria,Hockey
Vivaan Reddy,vivaan.reddy73@example.com,8787730864,39.0,Sydney,Australia,Teacher,New South Wales,Badminton
Karan Kulkarni,karan.kulkarni74@example.com,8485444108,53.0,Melbourne,Australia,Analyst,,Kabaddi
Sai Reddy,sai.reddy75@example.com,8967745738,65.0,Toronto,Canada,Student,Ontario,Volleyball
Meera Joshi,meera.joshi76@example.com,9324477434,48.0,Berlin,Germany,Manager,Berlin,Tennis
Diya Nair,diya.nair77@example.com,,28.0,Manchester,UK,Analyst,England,Cricket
Neha Kulkarni,neha.kulkarni78@example.com,9667996844,,,Australia,Developer,New South Wales,Kabaddi
Neha Das,neha.das79@example.com,8247339328,,Indore,India,Accountant,Madhya Pradesh,Hockey
Ananya Sharma,ananya.sharma80@example.com,8506447053,65.0,Berlin,Germany,,Berlin,
Aisha Singh,aisha.singh81@example.com,9262679700,27.0,Chicago,USA,Teacher,Illinois,Basketball
Ishaan Mishra,ishaan.mishra82@example.com,8697870219,,Sydney,Australia,Teacher,New South Wales,Kabaddi
Arjun Joshi,arjun.joshi83@example.com,8487835456,40.0,Pune,India,Teacher,Maharashtra,
Rohan Gupta,rohan.gupta84@example.com,7555820314,50.0,Jaipur,India,Consultant,Rajasthan,Badminton
Vivaan Verma,vivaan.verma85@example.com,9009686218,36.0,London,UK,Designer,England,Kabaddi
Sai Joshi,sai.joshi86@example.com,6287908312,,,India,Analyst,Madhya Pradesh,Football
Aarav Rathore,,7841683147,,Vancouver,Canada,Analyst,British Columbia,Cricket
Ishaan Kulkarni,ishaan.kulkarni88@example.com,8276379897,48.0,London,UK,Student,England,Chess
Krishna Jain,krishna.jain89@example.com,7989191850,30.0,Vancouver,,Teacher,British Columbia,Badminton
Vivaan Sharma,vivaan.sharma90@example.com,9235187429,41.0,Melbourne,Australia,Designer,Victoria,Volleyball
Vivaan Mishra,vivaan.mishra91@example.com,9757558572,54.0,Mumbai,India,Teacher,Maharashtra,Tennis
Sai Khan,sai.khan92@example.com,9612820365,47.0,,India,Designer,Tamil Nadu,Cricket
Neha Patel,neha.patel93@example.com,8975232374,62.0,Manchester,,Accountant,England,Badminton
Ishaan Patel,ishaan.patel94@example.com,6034310930,55.0,Hyderabad,India,Manager,,Swimming
,rohan.jain95@example.com,,51.0,Chicago,USA,Consultant,Illinois,Cricket
Diya Jain,diya.jain96@example.com,7685818208,42.0,Melbourne,Australia,Designer,,
,vivaan.gupta97@example.com,6765822465,54.0,Hyderabad,India,Developer,Telangana,Basketball
Kabir Joshi,kabir.joshi98@example.com,8988244115,26.0,New York,USA,Manager,New York,Hockey
Ishaan Rathore,ishaan.rathore99@example.com,9104399335,23.0,Manchester,,Engineer,England,Basketball
Rahul Verma,rahul.verma100@example.com,8815590407,38.0,Lucknow,India,Doctor,,Kabaddi
Rohan Jain,rohan.jain101@example.com,9771008464,39.0,Indore,India,Doctor,Madhya Pradesh,Football
Meera Mehta,,9172557190,64.0,Jaipur,India,Engineer,Rajasthan,Swimming
Rohan Mishra,rohan.mishra103@example.com,8716988536,20.0,Hyderabad,India,Manager,Telangana,Chess
Priya Reddy,priya.reddy104@example.com,6247933254,27.0,Toronto,Canada,Teacher,Ontario,Chess
Kabir Rathore,kabir.rathore105@example.com,9913301397,28.0,Chicago,USA,Analyst,Illinois,Chess
,,9389806777,26.0,Melbourne,Australia,Teacher,Victoria,
Aditya Verma,aditya.verma107@example.com,8260316170,61.0,Hyderabad,India,Manager,Telangana,
Neha Mishra,neha.mishra108@example.com,7912048531,57.0,Ahmedabad,India,Engineer,Gujarat,Hockey
Rahul Gupta,rahul.gupta109@example.com,9780603000,21.0,Chennai,India,Teacher,Tamil Nadu,Basketball
Sneha Mishra,sneha.mishra110@example.com,9523319428,64.0,Pune,India,Doctor,Maharashtra,Hockey
Sai Verma,sai.verma111@example.com,9298456821,34.0,Indore,India,Student,Madhya Pradesh,Badminton
Vivaan Singh,vivaan.singh112@example.com,6016916739,62.0,Melbourne,Australia,Analyst,Victoria,Volleyball
Meera Verma,meera.verma113@example.com,6913155184,21.0,Melbourne,Australia,Designer,Victoria,Swimming
,aarav.mishra114@example.com,6668224155,58.0,Chicago,USA,Developer,Illinois,Kabaddi
Neha Kulkarni,neha.kulkarni115@example.com,7710309891,49.0,Chicago,USA,Engineer,Illinois,Swimming
Ananya Nair,ananya.nair116@example.com,9842896900,,Toronto,Canada,Developer,Ontario,Basketball
Aarav Gupta,aarav.gupta117@example.com,8592102364,,Toronto,Canada,Student,Ontario,Volleyball
Kabir Verma,kabir.verma118@example.com,8099185917,64.0,Bhopal,India,Designer,Madhya Pradesh,Volleyball
Vivaan Khan,vivaan.khan119@example.com,6958882212,36.0,Pune,India,Student,Maharashtra,Swimming
Rahul Rathore,rahul.rathore120@example.com,,,Mumbai,India,Manager,Maharashtra,Badminton
Aditya Mehta,aditya.mehta121@example.com,6330521134,22.0,Pune,India,Developer,Maharashtra,Chess
Ishaan Reddy,ishaan.reddy122@example.com,,61.0,Toronto,Canada,Engineer,Ontario,Kabaddi
Karan Nair,karan.nair123@example.com,6273375670,50.0,Lucknow,India,Manager,Uttar Pradesh,Basketball
Priya Jain,priya.jain124@example.com,9229780260,63.0,Munich,Germany,Analyst,Bavaria,Hockey
Aditya Khan,aditya.khan125@example.com,9675815814,22.0,Munich,,Doctor,Bavaria,Tennis
Meera Patel,,7801587962,50.0,,Canada,Designer,British Columbia,Badminton
Diya Singh,diya.singh127@example.com,7857644514,26.0,,Canada,Manager,Ontario,Cricket
Krishna Patel,,7693134452,47.0,Sydney,Australia,Student,New South Wales,Volleyball
Yash Sharma,yash.sharma129@example.com,6382326964,61.0,Manchester,UK,Student,England,Football
Ananya Jain,ananya.jain130@example.com,7038922237,29.0,Berlin,Germany,Manager,Berlin,Basketball
Diya Reddy,diya.reddy131@example.com,9443432325,51.0,Jaipur,India,Accountant,Rajasthan,
Priya Khan,priya.khan132@example.com,6329647144,24.0,Singapore,,Doctor,Singapore,Badminton
Aarav Rathore,aarav.rathore133@example.com,7218737986,18.0,Vancouver,,Teacher,British Columbia,Swimming
Rohan Joshi,rohan.joshi134@example.com,6200156852,65.0,Pune,India,,Maharashtra,Basketball
Aarav Mehta,aarav.mehta135@example.com,7915525085,34.0,Munich,Germany,,Bavaria,Chess
Neha Patel,neha.patel136@example.com,6659667620,51.0,Singapore,Singapore,Doctor,Singapore,Swimming
Ananya Patel,ananya.patel137@example.com,7110742340,52.0,Bengaluru,India,Consultant,Karnataka,Volleyball
Aarav Patel,aarav.patel138@example.com,7390145616,39.0,Melbourne,Australia,Student,Victoria,Basketball
Krishna Verma,krishna.verma139@example.com,9972878862,58.0,Jaipur,India,Accountant,Rajasthan,Tennis
,vivaan.rathore140@example.com,9716803305,54.0,Sydney,Australia,Analyst,New South Wales,Tennis
Aisha Sharma,aisha.sharma141@example.com,6155775171,50.0,,Canada,Manager,British Columbia,Volleyball
Neha Singh,neha.singh142@example.com,9617637636,61.0,Sydney,Australia,Manager,New South Wales,
Priya Mehta,priya.mehta143@example.com,8007132772,29.0,London,UK,Designer,,Kabaddi
Vivaan Joshi,vivaan.joshi144@example.com,6848532431,48.0,London,UK,Consultant,England,Tennis
Priya Nair,priya.nair145@example.com,6849809294,41.0,New York,USA,Teacher,New York,Football
,,8047209754,39.0,Bhopal,India,Teacher,Madhya Pradesh,Tennis
,aisha.kulkarni147@example.com,6016631945,47.0,Chennai,India,Student,,Volleyball
Neha Sharma,neha.sharma148@example.com,6777781088,56.0,Munich,Germany,Engineer,Bavaria,Badminton
Aditya Rathore,aditya.rathore149@example.com,7433304099,31.0,Bhopal,India,,Madhya Pradesh,Chess
Diya Sharma,diya.sharma150@example.com,7129513717,,Manchester,UK,Teacher,England,Swimming
Krishna Mehta,krishna.mehta151@example.com,6323502659,40.0,Berlin,Germany,Consultant,Berlin,Cricket
Aditya Jain,aditya.jain152@example.com,6017287800,49.0,Jaipur,India,Accountant,Rajasthan,Volleyball
Ananya Joshi,ananya.joshi153@example.com,7654482414,31.0,New York,USA,Analyst,New York,Kabaddi
Aarav Verma,aarav.verma154@example.com,6078817213,45.0,New York,USA,Teacher,New York,Hockey
Yash Verma,,8784803709,23.0,Mumbai,India,Engineer,Maharashtra,Tennis
Ishaan Joshi,ishaan.joshi156@example.com,9695346488,22.0,Chicago,USA,Student,Illinois,Volleyball
Diya Khan,diya.khan157@example.com,9205461630,45.0,Chicago,USA,Analyst,Illinois,Tennis
Diya Joshi,diya.joshi158@example.com,7548239500,25.0,Melbourne,Australia,Accountant,Victoria,Kabaddi
Meera Khan,meera.khan159@example.com,8414475444,54.0,Indore,India,Manager,Madhya Pradesh,Hockey
Diya Das,diya.das160@example.com,6478553528,27.0,Los Angeles,USA,Student,California,Swimming
Yash Jain,yash.jain161@example.com,7505954313,62.0,Los Angeles,USA,Manager,California,Chess
Ishaan Khan,ishaan.khan162@example.com,8595865490,26.0,Indore,India,Student,Madhya Pradesh,Football
Aditya Joshi,aditya.joshi163@example.com,7653545655,21.0,,,Accountant,Berlin,Volleyball
Rohan Verma,rohan.verma164@example.com,9294745702,53.0,Jaipur,India,Manager,Rajasthan,Football
Ishaan Mishra,ishaan.mishra165@example.com,6183256115,48.0,Chicago,USA,Analyst,Illinois,Volleyball
Ishaan Verma,ishaan.verma166@example.com,7053082858,49.0,Bhopal,India,Manager,Madhya Pradesh,Basketball
Rahul Reddy,rahul.reddy167@example.com,7263852972,34.0,Indore,India,Student,Madhya Pradesh,Swimming
Aarav Singh,aarav.singh168@example.com,8026378693,22.0,Singapore,Singapore,Teacher,Singapore,Football
Meera Rathore,meera.rathore169@example.com,7604417806,41.0,,,Designer,Madhya Pradesh,Basketball
Yash Mishra,yash.mishra170@example.com,9755704636,46.0,Indore,India,Manager,Madhya Pradesh,Cricket
Sai Das,sai.das171@example.com,6122951379,,Jaipur,India,Consultant,Rajasthan,Football
Arjun Das,,9229823386,,Pune,India,,Maharashtra,Tennis
Vihaan Gupta,vihaan.gupta173@example.com,9058909763,60.0,,India,Manager,Madhya Pradesh,Tennis
Diya Rathore,diya.rathore174@example.com,9984509161,43.0,Manchester,UK,Designer,,Swimming
,diya.mishra175@example.com,8964028745,33.0,Singapore,Singapore,Developer,Singapore,Kabaddi
Ishaan Jain,ishaan.jain176@example.com,8248936082,40.0,Bengaluru,India,,Karnataka,
,sneha.jain177@example.com,9581127971,44.0,Melbourne,Australia,Developer,Victoria,Football
Rohan Mishra,rohan.mishra178@example.com,7116583861,47.0,Singapore,Singapore,,Singapore,Basketball
Kabir Patel,kabir.patel179@example.com,6615112158,38.0,Pune,India,Doctor,Maharashtra,
,karan.gupta180@example.com,7973304579,,Chicago,USA,Developer,Illinois,Badminton
Ishaan Jain,,9161545126,,Los Angeles,USA,Manager,California,Cricket
Rahul Kulkarni,,7472930615,45.0,Bhopal,India,,Madhya Pradesh,Swimming
Aisha Nair,aisha.nair183@example.com,7524106353,21.0,Singapore,Singapore,Accountant,Singapore,Chess
Diya Verma,diya.verma184@example.com,6304836061,60.0,Chennai,India,Designer,Tamil Nadu,Volleyball
,ananya.singh185@example.com,8557409472,59.0,Manchester,UK,Consultant,,Basketball
Arjun Singh,,6262831750,40.0,Chennai,India,Designer,Tamil Nadu,Kabaddi
Rohan Mehta,rohan.mehta187@example.com,7317561318,61.0,Bhopal,India,Engineer,Madhya Pradesh,Hockey
Kabir Khan,kabir.khan188@example.com,7539485109,64.0,Chicago,USA,Doctor,Illinois,Swimming
Meera Verma,meera.verma189@example.com,6062733464,49.0,Hyderabad,India,Analyst,Telangana,Kabaddi
Ishaan Gupta,ishaan.gupta190@example.com,7325071609,62.0,Manchester,UK,Engineer,England,Volleyball
Kabir Gupta,kabir.gupta191@example.com,7036467256,31.0,Sydney,Australia,Engineer,New South Wales,
Kabir Mehta,kabir.mehta192@example.com,9837104070,37.0,New York,USA,Teacher,New York,Chess
Kabir Sharma,kabir.sharma193@example.com,7363775538,29.0,Jaipur,India,Manager,Rajasthan,Volleyball
Ananya Kulkarni,ananya.kulkarni194@example.com,8042896208,28.0,Lucknow,India,Engineer,Uttar Pradesh,Volleyball
Aditya Singh,aditya.singh195@example.com,9692196132,52.0,Manchester,UK,Engineer,England,Kabaddi
,rohan.joshi196@example.com,6206953072,60.0,Toronto,Canada,Analyst,Ontario,Badminton
Vihaan Reddy,vihaan.reddy197@example.com,9157957917,51.0,Indore,India,Student,Madhya Pradesh,Cricket
Aditya Gupta,,9155903852,26.0,Chicago,USA,Engineer,Illinois,Cricket
Yash Khan,yash.khan199@example.com,6831706292,63.0,Chicago,USA,Consultant,Illinois,Basketball
Vivaan Gupta,vivaan.gupta200@example.com,,23.0,Indore,India,Student,Madhya Pradesh,Hockey
Rohan Sharma,rohan.sharma201@example.com,,63.0,New York,,Manager,New York,Football
Vivaan Verma,vivaan.verma202@example.com,9784584062,34.0,Vancouver,Canada,Consultant,,Volleyball
Diya Mehta,diya.mehta203@example.com,6378347636,63.0,Indore,India,Manager,Madhya Pradesh,Swimming
Aisha Gupta,aisha.gupta204@example.com,7762412826,22.0,Chicago,USA,Analyst,Illinois,Hockey
Karan Joshi,karan.joshi205@example.com,7151490957,,Los Angeles,USA,Doctor,California,Chess
Ishaan Gupta,ishaan.gupta206@example.com,7040240131,46.0,Berlin,,Engineer,Berlin,Cricket
Karan Mishra,karan.mishra207@example.com,7339193757,56.0,Jaipur,India,Accountant,Rajasthan,Hockey
,arjun.mishra208@example.com,8139256596,63.0,London,UK,,England,
Vivaan Jain,vivaan.jain209@example.com,9767780210,33.0,London,UK,Manager,England,
Meera Nair,meera.nair210@example.com,9299998989,50.0,Berlin,Germany,Student,Berlin,Kabaddi
,krishna.verma211@example.com,9734944934,65.0,New York,,Teacher,New York,Volleyball
Arjun Reddy,,7562389593,28.0,Los Angeles,USA,Manager,California,Kabaddi
Ishaan Nair,ishaan.nair213@example.com,7647915499,37.0,Chennai,India,Consultant,Tamil Nadu,Badminton
Ishaan Das,ishaan.das214@example.com,7694570538,48.0,Toronto,Canada,Designer,Ontario,Volleyball
Vihaan Gupta,vihaan.gupta215@example.com,8662718474,41.0,Bengaluru,India,Designer,Karnataka,Volleyball
Ishaan Patel,ishaan.patel216@example.com,6416459967,30.0,Manchester,UK,Developer,England,Hockey
Sneha Kulkarni,sneha.kulkarni217@example.com,,43.0,Chicago,USA,Designer,Illinois,Chess
Kabir Rathore,kabir.rathore218@example.com,9855897151,18.0,Indore,India,Doctor,Madhya Pradesh,Tennis
Ishaan Patel,ishaan.patel219@example.com,7344198976,30.0,Pune,India,Doctor,Maharashtra,
Ananya Mehta,,8154629318,,Vancouver,Canada,Student,British Columbia,Football
Ishaan Singh,ishaan.singh221@example.com,,31.0,Berlin,Germany,Teacher,Berlin,Hockey
Kabir Rathore,kabir.rathore222@example.com,7688377922,41.0,,Australia,Student,Victoria,Hockey
Meera Verma,meera.verma223@example.com,8458374506,41.0,,USA,Developer,,Chess
Aditya Reddy,aditya.reddy224@example.com,7752863792,50.0,Chicago,USA,Teacher,Illinois,
Rohan Das,rohan.das225@example.com,7961978344,36.0,Ahmedabad,India,Doctor,Gujarat,Chess
Sai Singh,sai.singh226@example.com,6394711771,42.0,Lucknow,India,,Uttar Pradesh,Swimming
,krishna.nair227@example.com,7196929806,33.0,New York,USA,Developer,New York,
Sneha Reddy,sneha.reddy228@example.com,6036377728,18.0,Chicago,USA,Doctor,Illinois,Basketball
,aarav.verma229@example.com,7491957461,20.0,Jaipur,India,Teacher,Rajasthan,Tennis
Krishna Jain,krishna.jain230@example.com,9629396776,48.0,Munich,Germany,Doctor,Bavaria,Hockey
Aditya Sharma,aditya.sharma231@example.com,9408329118,64.0,Singapore,,Engineer,Singapore,Swimming
Vihaan Singh,vihaan.singh232@example.com,6980626961,29.0,Pune,India,Doctor,Maharashtra,Kabaddi
Yash Gupta,yash.gupta233@example.com,8281962001,54.0,Manchester,UK,Engineer,England,Kabaddi
Yash Singh,yash.singh234@example.com,9236676767,46.0,Berlin,Germany,Teacher,Berlin,Football
Rohan Singh,,9933294926,53.0,London,UK,Accountant,England,Hockey
Ishaan Mishra,ishaan.mishra236@example.com,9114881520,56.0,Berlin,Germany,Teacher,Berlin,Hockey
Aarav Joshi,aarav.joshi237@example.com,6867042015,61.0,Ahmedabad,India,Consultant,Gujarat,Volleyball
Meera Mishra,meera.mishra238@example.com,6754264561,27.0,Munich,,Doctor,Bavaria,Football
Krishna Reddy,krishna.reddy239@example.com,9257367596,54.0,Los Angeles,USA,Consultant,California,Tennis
Arjun Rathore,arjun.rathore240@example.com,7585702571,57.0,Sydney,Australia,Analyst,New South Wales,Basketball
,vivaan.khan241@example.com,8386380842,41.0,Munich,Germany,Engineer,Bavaria,Tennis
Kabir Gupta,kabir.gupta242@example.com,,55.0,Ahmedabad,India,Accountant,,Kabaddi
Ishaan Kulkarni,ishaan.kulkarni243@example.com,7258532536,38.0,New York,USA,Accountant,,Swimming
Ishaan Khan,ishaan.khan244@example.com,7900370428,45.0,Los Angeles,,Student,California,Badminton
Rohan Khan,rohan.khan245@example.com,9580276828,49.0,Sydney,Australia,Developer,New South Wales,Football
Rahul Jain,rahul.jain246@example.com,9754369199,45.0,Mumbai,India,Consultant,,Tennis
Aisha Mehta,aisha.mehta247@example.com,8079964487,37.0,Bhopal,,Developer,Madhya Pradesh,Swimming
Neha Das,neha.das248@example.com,8022267840,50.0,Berlin,Germany,Teacher,Berlin,Basketball
Arjun Kulkarni,,8104044987,,Lucknow,,Teacher,Uttar Pradesh,Chess
Rahul Singh,rahul.singh250@example.com,9586107820,20.0,Lucknow,India,,Uttar Pradesh,
Neha Reddy,neha.reddy251@example.com,7164973356,63.0,Munich,Germany,Student,Bavaria,Volleyball
Aisha Mishra,,7443392616,58.0,Lucknow,,Consultant,Uttar Pradesh,Basketball
Priya Mehta,priya.mehta253@example.com,6544133750,63.0,Chennai,India,Teacher,Tamil Nadu,Basketball
Yash Verma,yash.verma254@example.com,,,Mumbai,India,Analyst,Maharashtra,Badminton
Karan Mishra,,8600263268,30.0,Los Angeles,USA,,California,Swimming
Neha Rathore,neha.rathore256@example.com,,,Jaipur,India,Accountant,Rajasthan,Tennis
Meera Singh,meera.singh257@example.com,6505037890,51.0,Munich,Germany,Consultant,Bavaria,Football
Ishaan Das,ishaan.das258@example.com,7630084645,18.0,Pune,India,Student,Maharashtra,Kabaddi
Kabir Mehta,kabir.mehta259@example.com,9241313567,36.0,Toronto,Canada,Manager,Ontario,
Ishaan Verma,ishaan.verma260@example.com,7077359580,55.0,Melbourne,Australia,Engineer,Victoria,Hockey
Ananya Mishra,ananya.mishra261@example.com,9909016241,38.0,Vancouver,Canada,Consultant,British Columbia,Chess
Neha Mishra,neha.mishra262@example.com,6639203388,52.0,Singapore,Singapore,Developer,Singapore,Football
Rahul Gupta,,9099078948,43.0,Manchester,UK,Student,England,Hockey
Kabir Nair,kabir.nair264@example.com,9189636070,27.0,London,UK,Teacher,England,
Sneha Gupta,sneha.gupta265@example.com,,63.0,Singapore,Singapore,Consultant,Singapore,Hockey
Krishna Jain,krishna.jain266@example.com,9393883017,,New York,USA,Teacher,New York,Volleyball
Rohan Nair,rohan.nair267@example.com,8127971813,41.0,Los Angeles,USA,Designer,California,Swimming
Aarav Singh,aarav.singh268@example.com,6266661889,38.0,Toronto,Canada,Consultant,Ontario,
Ishaan Kulkarni,ishaan.kulkarni269@example.com,9015721483,43.0,Vancouver,Canada,Designer,,Tennis
Diya Joshi,diya.joshi270@example.com,6026308246,32.0,,UK,Accountant,England,Swimming
Aarav Jain,aarav.jain271@example.com,7290143865,51.0,Singapore,Singapore,Student,Singapore,Volleyball
Neha Singh,neha.singh272@example.com,6047660733,46.0,Toronto,Canada,Accountant,,Chess
Ananya Nair,ananya.nair273@example.com,6114603339,65.0,Los Angeles,USA,Student,California,Volleyball
Rahul Joshi,rahul.joshi274@example.com,,57.0,Sydney,Australia,Teacher,New South Wales,Cricket
Sneha Mishra,sneha.mishra275@example.com,,29.0,Bhopal,India,Student,Madhya Pradesh,Hockey
Krishna Nair,krishna.nair276@example.com,8002283471,49.0,Manchester,UK,Analyst,England,Hockey
Aditya Gupta,aditya.gupta277@example.com,6017045992,55.0,Sydney,Australia,Accountant,New South Wales,Kabaddi
Aisha Sharma,aisha.sharma278@example.com,6078346115,18.0,New York,USA,Analyst,New York,Football
,aarav.joshi279@example.com,7846457781,43.0,Jaipur,India,Developer,Rajasthan,Volleyball
Karan Verma,,8236769718,50.0,Munich,Germany,Developer,Bavaria,Chess
Rohan Gupta,rohan.gupta281@example.com,7954113780,19.0,Hyderabad,India,Designer,Telangana,Chess
Karan Patel,karan.patel282@example.com,6417237337,45.0,Mumbai,India,Analyst,Maharashtra,Chess
,aarav.jain283@example.com,9111464755,25.0,Chennai,India,Student,Tamil Nadu,Hockey
Sai Verma,sai.verma284@example.com,,45.0,Jaipur,India,Doctor,,Chess
Krishna Patel,krishna.patel285@example.com,6903896950,40.0,Jaipur,,Student,Rajasthan,Volleyball
Aisha Reddy,aisha.reddy286@example.com,9227440765,41.0,New York,,,,Football
Yash Khan,yash.khan287@example.com,9909183253,44.0,,India,Consultant,,Basketball
Rohan Khan,,8346435090,57.0,Melbourne,Australia,Engineer,Victoria,Hockey
Diya Gupta,diya.gupta289@example.com,6945700560,32.0,Munich,Germany,Accountant,Bavaria,Chess
Diya Mehta,diya.mehta290@example.com,8889438873,45.0,New York,USA,Student,New York,Swimming
Krishna Khan,,8879618328,21.0,Mumbai,India,Student,Maharashtra,Badminton
Neha Joshi,neha.joshi292@example.com,7948284256,42.0,Bhopal,India,Doctor,Madhya Pradesh,Basketball
Aisha Kulkarni,,8874859330,43.0,Munich,Germany,Doctor,Bavaria,Basketball
Diya Sharma,diya.sharma294@example.com,,46.0,Singapore,Singapore,Analyst,Singapore,Chess
,arjun.nair295@example.com,9085135153,62.0,Jaipur,India,Designer,Rajasthan,Badminton
Meera Kulkarni,,9431786228,55.0,Chennai,India,,Tamil Nadu,Chess
Vihaan Patel,vihaan.patel297@example.com,6741252583,18.0,Pune,India,Manager,Maharashtra,Badminton
Diya Jain,diya.jain298@example.com,7977461607,39.0,Hyderabad,,Accountant,Telangana,Chess
Aditya Kulkarni,aditya.kulkarni299@example.com,8482671755,63.0,Ahmedabad,India,Analyst,Gujarat,Chess
Rohan Patel,rohan.patel300@example.com,9213153262,,Ahmedabad,India,Engineer,Gujarat,Swimming
Diya Reddy,diya.reddy301@example.com,,63.0,Chicago,USA,Student,Illinois,Football
Aarav Joshi,aarav.joshi302@example.com,7953191264,51.0,Jaipur,India,Analyst,Rajasthan,Cricket
,ananya.mishra303@example.com,9716802640,,Chicago,USA,Designer,Illinois,Football
Priya Das,priya.das304@example.com,9990969542,21.0,Chicago,USA,Accountant,Illinois,Basketball
Vivaan Singh,vivaan.singh305@example.com,6218301397,,,Germany,Accountant,Bavaria,Tennis
Neha Sharma,neha.sharma306@example.com,8313764680,46.0,Los Angeles,USA,Student,California,Swimming
Vihaan Mehta,vihaan.mehta307@example.com,8494720492,27.0,Indore,India,,Madhya Pradesh,Cricket
Arjun Patel,arjun.patel308@example.com,6489532210,25.0,Munich,Germany,Manager,Bavaria,Badminton
Diya Khan,diya.khan309@example.com,7758770590,35.0,Munich,Germany,Student,Bavaria,Hockey
Arjun Sharma,arjun.sharma310@example.com,7727783792,23.0,Los Angeles,USA,Accountant,California,Volleyball
,rahul.nair311@example.com,9558198574,58.0,New York,USA,Designer,New York,Badminton
Rahul Singh,rahul.singh312@example.com,8184878524,23.0,Ahmedabad,India,,Gujarat,Badminton
Ananya Rathore,,8136387353,30.0,Los Angeles,USA,,California,
Sneha Joshi,sneha.joshi314@example.com,7766846010,48.0,Toronto,Canada,Engineer,Ontario,Football
,rahul.sharma315@example.com,8911908963,60.0,New York,USA,Student,New York,Basketball
Karan Singh,karan.singh316@example.com,9003693075,43.0,,USA,Consultant,Illinois,Cricket
Ishaan Patel,ishaan.patel317@example.com,7365840254,23.0,Chennai,India,,Tamil Nadu,Tennis
Neha Singh,neha.singh318@example.com,6040875655,26.0,Chicago,USA,Designer,Illinois,Basketball
Rahul Nair,rahul.nair319@example.com,7836309223,40.0,Chennai,,Analyst,Tamil Nadu,Cricket
Sneha Khan,sneha.khan320@example.com,9602169466,18.0,Mumbai,India,,Maharashtra,Cricket
Yash Patel,,9292488741,47.0,,,Teacher,England,
Meera Reddy,meera.reddy322@example.com,6567410950,27.0,Jaipur,India,Analyst,Rajasthan,Football
Rohan Gupta,rohan.gupta323@example.com,8400016857,26.0,Bengaluru,India,,Karnataka,Volleyball
,,8991197737,29.0,Toronto,Canada,Doctor,Ontario,Basketball
Yash Reddy,,8363297215,65.0,,India,Doctor,Karnataka,Swimming
Yash Rathore,yash.rathore326@example.com,7319645543,45.0,,,,Madhya Pradesh,Kabaddi
Priya Joshi,,9763706626,33.0,Indore,India,,,Basketball
Aditya Singh,,7546226692,57.0,Singapore,Singapore,Accountant,Singapore,Kabaddi
Rohan Verma,rohan.verma329@example.com,6989839466,37.0,Singapore,Singapore,,Singapore,Swimming
Diya Nair,diya.nair330@example.com,8904951789,22.0,Pune,India,Student,Maharashtra,Swimming
Rohan Reddy,rohan.reddy331@example.com,7764394311,58.0,Chicago,USA,Developer,Illinois,Chess
Ishaan Khan,ishaan.khan332@example.com,8310059440,18.0,,Canada,Manager,Ontario,Swimming
Rohan Rathore,rohan.rathore333@example.com,8576770129,45.0,Pune,India,Student,Maharashtra,Swimming
Arjun Reddy,arjun.reddy334@example.com,,50.0,Pune,India,Engineer,Maharashtra,Chess
Vihaan Gupta,vihaan.gupta335@example.com,6641225635,39.0,New York,USA,,New York,Kabaddi
Rahul Kulkarni,rahul.kulkarni336@example.com,7427126141,36.0,Pune,India,Analyst,Maharashtra,Chess
Ananya Kulkarni,ananya.kulkarni337@example.com,7549670176,54.0,London,UK,Teacher,England,Swimming
Rahul Nair,rahul.nair338@example.com,8627703744,36.0,Ahmedabad,India,Engineer,Gujarat,Badminton
Ananya Mishra,ananya.mishra339@example.com,6071424614,34.0,Jaipur,India,Accountant,Rajasthan,Football
Aarav Gupta,aarav.gupta340@example.com,6099035368,52.0,Pune,India,Consultant,Maharashtra,Kabaddi
Aisha Das,aisha.das341@example.com,9018230666,33.0,,India,Doctor,Karnataka,Kabaddi
,aisha.gupta342@example.com,6468546332,,Mumbai,India,Doctor,Maharashtra,Badminton
Kabir Khan,kabir.khan343@example.com,7780259060,45.0,Hyderabad,India,Doctor,Telangana,Chess
Meera Gupta,meera.gupta344@example.com,9372413833,46.0,Singapore,Singapore,Teacher,Singapore,Basketball
Ishaan Rathore,ishaan.rathore345@example.com,9947578086,29.0,Pune,India,Developer,Maharashtra,Tennis
Aarav Verma,aarav.verma346@example.com,6068630750,,,,Accountant,,Chess
Sneha Singh,,9412111074,56.0,Bengaluru,India,Analyst,Karnataka,Cricket
Aisha Patel,aisha.patel348@example.com,7146071266,55.0,Los Angeles,USA,Student,California,Volleyball
Aarav Jain,,6633329869,34.0,Bhopal,India,Analyst,Madhya Pradesh,Cricket
Vivaan Gupta,vivaan.gupta350@example.com,9950749230,63.0,Los Angeles,USA,Student,California,Badminton
Sneha Singh,sneha.singh351@example.com,9416219646,,Indore,India,,Madhya Pradesh,Tennis
Ananya Patel,ananya.patel352@example.com,9790584830,64.0,Berlin,Germany,,Berlin,Hockey
Ananya Sharma,ananya.sharma353@example.com,8567837599,22.0,Bengaluru,India,,,Swimming
Aarav Patel,aarav.patel354@example.com,7321552209,22.0,Melbourne,Australia,Doctor,Victoria,Basketball
Ishaan Reddy,ishaan.reddy355@example.com,7512842705,21.0,Melbourne,Australia,Designer,Victoria,Hockey
Kabir Singh,kabir.singh356@example.com,9499885633,52.0,Bhopal,India,Designer,Madhya Pradesh,Cricket
Aarav Jain,aarav.jain357@example.com,7105368353,19.0,London,UK,Analyst,England,Hockey
Meera Mishra,meera.mishra358@example.com,8663606406,44.0,Vancouver,Canada,Teacher,British Columbia,Badminton
,karan.singh359@example.com,,38.0,Munich,Germany,Student,Bavaria,Basketball
Vihaan Mehta,vihaan.mehta360@example.com,,21.0,Indore,India,Student,Madhya Pradesh,Football
,sai.nair361@example.com,7264936751,39.0,Manchester,UK,Manager,England,Badminton
,vihaan.gupta362@example.com,8652129323,53.0,Manchester,UK,Analyst,England,Basketball
Sai Mishra,,9118035264,27.0,Munich,Germany,Teacher,Bavaria,Chess
Sai Nair,sai.nair364@example.com,8413185728,50.0,Los Angeles,USA,Analyst,California,Hockey
Krishna Sharma,krishna.sharma365@example.com,8342520887,18.0,Toronto,Canada,Analyst,Ontario,Swimming
Aarav Singh,aarav.singh366@example.com,6522235804,65.0,Ahmedabad,India,Analyst,Gujarat,Volleyball
Ishaan Das,ishaan.das367@example.com,7387299848,58.0,Lucknow,India,Manager,Uttar Pradesh,Chess
Vivaan Rathore,vivaan.rathore368@example.com,7898164779,18.0,Berlin,Germany,,Berlin,Tennis
Kabir Nair,kabir.nair369@example.com,6925943372,28.0,Jaipur,,Accountant,Rajasthan,
Rohan Khan,rohan.khan370@example.com,9602714057,43.0,Berlin,,Engineer,Berlin,
Sai Rathore,sai.rathore371@example.com,7702144647,19.0,Toronto,Canada,Engineer,Ontario,Swimming
Karan Mishra,karan.mishra372@example.com,9831705691,22.0,Los Angeles,USA,Doctor,California,Cricket
Arjun Mishra,arjun.mishra373@example.com,6053347336,25.0,Vancouver,Canada,Accountant,British Columbia,Cricket
Ishaan Rathore,ishaan.rathore374@example.com,7033436043,56.0,London,UK,Analyst,England,Football
Karan Sharma,karan.sharma375@example.com,6253916447,61.0,,India,Accountant,Madhya Pradesh,Football
Aditya Reddy,,9347900488,54.0,Vancouver,Canada,Accountant,British Columbia,Cricket
Sneha Gupta,sneha.gupta377@example.com,7660443439,64.0,Singapore,Singapore,Accountant,Singapore,Hockey
Vivaan Kulkarni,vivaan.kulkarni378@example.com,8608401831,31.0,,India,Teacher,Madhya Pradesh,Swimming
,sai.das379@example.com,8556789386,43.0,Bhopal,India,Teacher,Madhya Pradesh,Hockey
Rahul Patel,rahul.patel380@example.com,7449826428,55.0,Vancouver,Canada,Manager,British Columbia,Cricket
Neha Jain,neha.jain381@example.com,8838647790,51.0,Manchester,UK,,England,
Meera Nair,,7252941515,43.0,New York,USA,Designer,New York,Volleyball
Vihaan Gupta,,6502041151,39.0,Munich,Germany,Doctor,Bavaria,Kabaddi
Krishna Khan,krishna.khan384@example.com,7514219286,23.0,London,UK,Manager,England,Football
Yash Joshi,yash.joshi385@example.com,9250772328,47.0,Lucknow,India,Doctor,Uttar Pradesh,Kabaddi
Meera Rathore,meera.rathore386@example.com,8093319195,29.0,Sydney,,Student,New South Wales,Chess
,priya.reddy387@example.com,7877550675,59.0,Vancouver,Canada,Analyst,British Columbia,Kabaddi
Sai Reddy,sai.reddy388@example.com,9090205664,,Jaipur,India,Manager,Rajasthan,Chess
Aarav Mishra,aarav.mishra389@example.com,6055106652,28.0,Hyderabad,India,Teacher,Telangana,Hockey
Aditya Das,aditya.das390@example.com,6487056748,41.0,Toronto,Canada,Manager,Ontario,Chess
Neha Reddy,neha.reddy391@example.com,9643216527,49.0,Bengaluru,India,,Karnataka,Swimming
Aisha Rathore,aisha.rathore392@example.com,8426979138,33.0,Berlin,Germany,Designer,Berlin,Football
Diya Joshi,diya.joshi393@example.com,7227351882,35.0,Lucknow,India,,Uttar Pradesh,Football
Priya Joshi,priya.joshi394@example.com,7111397536,41.0,Singapore,Singapore,Designer,Singapore,Chess
Sneha Jain,sneha.jain395@example.com,8161587829,,Berlin,Germany,,Berlin,Hockey
Yash Kulkarni,yash.kulkarni396@example.com,7009384237,46.0,Hyderabad,,Student,Telangana,Chess
Sneha Joshi,sneha.joshi397@example.com,9912074679,22.0,Bhopal,India,Developer,Madhya Pradesh,Chess
,meera.mishra398@example.com,8239605446,,London,UK,Designer,England,Chess
Arjun Das,arjun.das399@example.com,9567064186,58.0,Lucknow,India,Developer,,Basketball
Kabir Nair,kabir.nair400@example.com,9910666697,36.0,London,UK,Student,England,Badminton
Yash Rathore,yash.rathore401@example.com,6140993251,57.0,Chicago,USA,Engineer,Illinois,Football
Neha Rathore,neha.rathore402@example.com,6940296422,28.0,Chennai,India,Manager,,Cricket
Rohan Jain,rohan.jain403@example.com,7507557295,34.0,Los Angeles,USA,Manager,California,Football
Aarav Patel,aarav.patel404@example.com,6973086908,19.0,Singapore,Singapore,Analyst,Singapore,Football
Meera Gupta,meera.gupta405@example.com,9643274170,18.0,Melbourne,Australia,Developer,Victoria,Tennis
Vihaan Khan,vihaan.khan406@example.com,6376456361,63.0,Chicago,,Student,Illinois,Cricket
Karan Gupta,karan.gupta407@example.com,9612067040,42.0,London,UK,Accountant,England,
Rahul Singh,rahul.singh408@example.com,8130123621,,Bengaluru,India,Manager,Karnataka,Kabaddi
Aarav Kulkarni,aarav.kulkarni409@example.com,9554539137,28.0,Jaipur,,Developer,Rajasthan,Badminton
Meera Reddy,meera.reddy410@example.com,6231735706,29.0,Mumbai,India,Engineer,Maharashtra,Football
Rohan Khan,rohan.khan411@example.com,9574162142,23.0,London,UK,Student,England,Cricket
Ananya Nair,ananya.nair412@example.com,,57.0,Berlin,Germany,Engineer,Berlin,Football
Meera Singh,meera.singh413@example.com,6005256788,63.0,Hyderabad,India,Consultant,Telangana,
Arjun Das,arjun.das414@example.com,8206205974,63.0,Mumbai,India,Teacher,Maharashtra,Football
Kabir Patel,kabir.patel415@example.com,8122507611,50.0,Manchester,UK,,England,Hockey
Kabir Das,kabir.das416@example.com,7727352525,61.0,Ahmedabad,India,Consultant,Gujarat,Kabaddi
Arjun Mehta,arjun.mehta417@example.com,8086420013,29.0,Hyderabad,,Manager,,Chess
Neha Rathore,neha.rathore418@example.com,7134446337,61.0,Pune,India,Consultant,Maharashtra,
Karan Reddy,karan.reddy419@example.com,8797615460,38.0,Hyderabad,India,Analyst,Telangana,Hockey
Kabir Gupta,,8696939503,36.0,Indore,India,Student,,Badminton
Rahul Patel,,7653515509,26.0,Sydney,,Doctor,New South Wales,Cricket
Yash Jain,yash.jain422@example.com,7111206685,55.0,New York,USA,Analyst,,Swimming
Ishaan Mishra,ishaan.mishra423@example.com,,30.0,London,UK,Teacher,England,Basketball
Arjun Verma,arjun.verma424@example.com,,21.0,Pune,India,Student,Maharashtra,
Rahul Khan,rahul.khan425@example.com,9330510343,55.0,Los Angeles,USA,Consultant,California,Cricket
Rahul Mehta,rahul.mehta426@example.com,8311890815,52.0,Bengaluru,India,Doctor,Karnataka,
Ishaan Nair,,9161407202,52.0,Mumbai,India,Designer,Maharashtra,Volleyball
Diya Das,diya.das428@example.com,9264652674,50.0,Los Angeles,USA,Accountant,California,Kabaddi
,diya.mehta429@example.com,9575485988,37.0,,Germany,Accountant,Berlin,Volleyball
Priya Jain,priya.jain430@example.com,8439481409,24.0,Singapore,,Manager,Singapore,Badminton
Karan Sharma,karan.sharma431@example.com,6275141037,60.0,Chennai,India,Engineer,Tamil Nadu,Tennis
Aisha Rathore,aisha.rathore432@example.com,6826908801,46.0,Singapore,Singapore,Student,Singapore,Swimming
Ananya Verma,ananya.verma433@example.com,9367157002,40.0,Berlin,Germany,Developer,Berlin,
Neha Kulkarni,neha.kulkarni434@example.com,8012184438,65.0,Lucknow,India,Designer,Uttar Pradesh,Basketball
Meera Rathore,meera.rathore435@example.com,,23.0,Sydney,,Teacher,New South Wales,Badminton
Vivaan Patel,vivaan.patel436@example.com,9212790448,61.0,Toronto,Canada,Engineer,Ontario,
Ananya Jain,ananya.jain437@example.com,8982090271,40.0,Jaipur,India,Manager,Rajasthan,Swimming
Meera Rathore,meera.rathore438@example.com,6780744215,19.0,Pune,,Manager,Maharashtra,
Rahul Jain,rahul.jain439@example.com,6546597389,63.0,Sydney,Australia,,New South Wales,Swimming
Aditya Rathore,aditya.rathore440@example.com,8092403424,,Toronto,Canada,Analyst,Ontario,Basketball
Yash Singh,yash.singh441@example.com,8316025767,46.0,Munich,Germany,,Bavaria,Basketball
Ishaan Verma,ishaan.verma442@example.com,6453455401,32.0,Ahmedabad,India,Teacher,Gujarat,Hockey
Vivaan Das,vivaan.das443@example.com,7497885364,,Berlin,Germany,Consultant,Berlin,Volleyball
Priya Mishra,priya.mishra444@example.com,6909534269,38.0,Chicago,,Doctor,Illinois,Badminton
Neha Joshi,neha.joshi445@example.com,7996176955,54.0,New York,USA,Accountant,New York,Chess
Krishna Gupta,krishna.gupta446@example.com,6063050564,18.0,Mumbai,India,Analyst,,Kabaddi
Ananya Joshi,ananya.joshi447@example.com,6385731872,22.0,Jaipur,India,Doctor,Rajasthan,Kabaddi
Yash Singh,yash.singh448@example.com,7852690890,39.0,Singapore,Singapore,Consultant,Singapore,
Diya Singh,diya.singh449@example.com,7637677641,35.0,Ahmedabad,India,Manager,Gujarat,Cricket
Neha Mehta,neha.mehta450@example.com,9642041760,36.0,Pune,India,Designer,Maharashtra,
Meera Jain,meera.jain451@example.com,8707838602,63.0,London,UK,Manager,,Football
Aisha Kulkarni,aisha.kulkarni452@example.com,8209353723,61.0,Singapore,Singapore,Manager,Singapore,Cricket
Aarav Mehta,aarav.mehta453@example.com,9631302964,23.0,Los Angeles,USA,Student,California,Badminton
Karan Khan,karan.khan454@example.com,8054936827,36.0,,USA,,Illinois,Cricket
Aditya Singh,aditya.singh455@example.com,9521904499,57.0,Melbourne,Australia,Accountant,Victoria,Kabaddi
Neha Nair,neha.nair456@example.com,9276639341,49.0,Manchester,UK,Analyst,England,Volleyball
Aisha Das,aisha.das457@example.com,9634850009,61.0,New York,USA,Manager,New York,Kabaddi
Meera Mishra,meera.mishra458@example.com,9703422984,50.0,Bhopal,India,Accountant,,Football
Rohan Patel,rohan.patel459@example.com,8061934399,18.0,Berlin,Germany,Analyst,Berlin,Swimming
,arjun.kulkarni460@example.com,9209653065,23.0,,India,Teacher,Telangana,Football
Meera Singh,meera.singh461@example.com,9749822694,31.0,Berlin,Germany,Doctor,Berlin,Kabaddi
Vivaan Mishra,,7196783758,,Indore,India,Analyst,Madhya Pradesh,Tennis
Rohan Kulkarni,rohan.kulkarni463@example.com,7175746360,28.0,Manchester,UK,Manager,England,Basketball
Vivaan Gupta,vivaan.gupta464@example.com,7278801078,27.0,Munich,,Designer,Bavaria,Basketball
,karan.kulkarni465@example.com,,43.0,Bengaluru,India,Student,,Football
Priya Sharma,priya.sharma466@example.com,,,Pune,India,Teacher,Maharashtra,Chess
Priya Nair,priya.nair467@example.com,7786000285,30.0,Bengaluru,India,,,Volleyball
Arjun Sharma,arjun.sharma468@example.com,6267489023,42.0,Pune,India,Engineer,Maharashtra,Basketball
Vihaan Gupta,vihaan.gupta469@example.com,9938154424,23.0,Manchester,UK,,England,Badminton
Meera Das,meera.das470@example.com,9384484557,43.0,Toronto,Canada,Student,Ontario,Volleyball
Sai Nair,sai.nair471@example.com,7572965966,55.0,Chennai,India,Analyst,Tamil Nadu,Kabaddi
,meera.das472@example.com,6589207374,61.0,Berlin,Germany,Accountant,Berlin,Basketball
Ishaan Patel,ishaan.patel473@example.com,9714015603,35.0,Los Angeles,USA,Doctor,California,
Vihaan Khan,vihaan.khan474@example.com,9345160314,52.0,Jaipur,India,Student,Rajasthan,Hockey
Vihaan Mishra,vihaan.mishra475@example.com,8805717095,23.0,Vancouver,Canada,,British Columbia,Swimming
Aarav Jain,aarav.jain476@example.com,,35.0,Jaipur,India,Teacher,Rajasthan,Tennis
Neha Joshi,neha.joshi477@example.com,9354941097,43.0,Bhopal,India,Designer,,Badminton
Kabir Mehta,kabir.mehta478@example.com,9621856953,65.0,Manchester,,Engineer,England,Basketball
Priya Reddy,priya.reddy479@example.com,9411059208,53.0,Bhopal,India,Teacher,Madhya Pradesh,Swimming
Neha Patel,neha.patel480@example.com,7823775236,57.0,Pune,India,Teacher,Maharashtra,Football
Sneha Sharma,sneha.sharma481@example.com,8371559126,23.0,Chennai,India,,Tamil Nadu,Tennis
Kabir Sharma,kabir.sharma482@example.com,9817580051,,Melbourne,Australia,Accountant,Victoria,Badminton
Rahul Mishra,rahul.mishra483@example.com,7322354411,36.0,Ahmedabad,India,Analyst,Gujarat,Tennis
Vihaan Nair,vihaan.nair484@example.com,8912319422,26.0,Chennai,India,Accountant,Tamil Nadu,Tennis
Diya Kulkarni,diya.kulkarni485@example.com,6188463377,,Vancouver,Canada,Developer,British Columbia,Football
Arjun Kulkarni,arjun.kulkarni486@example.com,7653447493,65.0,Berlin,Germany,Student,Berlin,Hockey
Meera Jain,meera.jain487@example.com,7375955922,65.0,New York,USA,Doctor,New York,Kabaddi
Sai Das,sai.das488@example.com,7741173998,36.0,Sydney,Australia,Manager,New South Wales,Swimming
Vivaan Mehta,vivaan.mehta489@example.com,6479483515,53.0,Jaipur,India,Accountant,Rajasthan,Tennis
Ananya Mishra,ananya.mishra490@example.com,9501627774,55.0,Vancouver,Canada,Student,British Columbia,Football
Diya Verma,diya.verma491@example.com,7807718882,56.0,Ahmedabad,India,Accountant,Gujarat,Football
Kabir Mehta,kabir.mehta492@example.com,7114628307,27.0,,Australia,Manager,New South Wales,Football
Vihaan Singh,vihaan.singh493@example.com,9862348915,47.0,Jaipur,India,,Rajasthan,Kabaddi
Krishna Jain,krishna.jain494@example.com,7335040631,55.0,Hyderabad,India,Engineer,Telangana,Chess
,sai.mishra495@example.com,9435690882,38.0,Mumbai,India,Teacher,Maharashtra,Hockey
Kabir Reddy,kabir.reddy496@example.com,9103324391,46.0,Berlin,Germany,Analyst,Berlin,Badminton
,karan.rathore497@example.com,9980831267,64.0,Ahmedabad,India,Developer,Gujarat,Swimming
Diya Kulkarni,diya.kulkarni498@example.com,9510827851,56.0,Berlin,Germany,Developer,Berlin,Cricket
Aisha Reddy,aisha.reddy499@example.com,8410229453,59.0,Melbourne,Australia,Designer,Victoria,Badminton
,aarav.das500@example.com,8057368154,53.0,New York,USA,Teacher,New York,Swimming
,neha.das501@example.com,6710110369,37.0,Bengaluru,India,Accountant,Karnataka,Tennis
Arjun Patel,arjun.patel502@example.com,6928834632,,Indore,India,Teacher,Madhya Pradesh,Basketball
Diya Singh,diya.singh503@example.com,6623017949,44.0,London,UK,Student,England,Chess
Ananya Singh,ananya.singh504@example.com,7534735941,42.0,New York,USA,Analyst,,Basketball
Yash Joshi,yash.joshi505@example.com,9446736914,38.0,Bhopal,India,,Madhya Pradesh,Kabaddi
Vihaan Kulkarni,vihaan.kulkarni506@example.com,9703278255,22.0,,Germany,Accountant,Bavaria,Cricket
Arjun Jain,arjun.jain507@example.com,9159240606,59.0,Pune,India,,Maharashtra,Basketball
Yash Nair,yash.nair508@example.com,8156552471,22.0,Hyderabad,India,Student,Telangana,Chess
Vivaan Joshi,vivaan.joshi509@example.com,9577013322,37.0,Pune,India,Engineer,Maharashtra,Basketball
,neha.verma510@example.com,7217457634,,New York,USA,Designer,New York,Tennis
Priya Patel,priya.patel511@example.com,6606428234,55.0,Ahmedabad,India,Doctor,Gujarat,Tennis
,priya.jain512@example.com,7328220722,21.0,Chicago,USA,,Illinois,Football
Krishna Joshi,krishna.joshi513@example.com,9689690664,38.0,Lucknow,India,Accountant,Uttar Pradesh,Tennis
Priya Jain,priya.jain514@example.com,9248781867,36.0,Lucknow,India,Developer,Uttar Pradesh,Badminton
Diya Kulkarni,,6541501275,20.0,Ahmedabad,India,Designer,Gujarat,Chess
Aarav Nair,aarav.nair516@example.com,6100744147,33.0,Ahmedabad,India,,Gujarat,Badminton
Ishaan Nair,ishaan.nair517@example.com,7374483603,35.0,London,UK,Developer,England,Kabaddi
Vivaan Singh,vivaan.singh518@example.com,6669606917,54.0,London,UK,Student,England,Swimming
Meera Mehta,,8896992401,50.0,Indore,India,Accountant,Madhya Pradesh,Badminton
Karan Rathore,karan.rathore520@example.com,9276530477,51.0,Toronto,Canada,,Ontario,Football
Aditya Nair,aditya.nair521@example.com,8295082762,61.0,Pune,,,Maharashtra,Tennis
Krishna Kulkarni,krishna.kulkarni522@example.com,8076486085,30.0,Jaipur,India,Developer,Rajasthan,Basketball
Neha Reddy,neha.reddy523@example.com,8150552584,63.0,Hyderabad,India,Student,Telangana,Basketball
Diya Verma,,7100610984,62.0,Ahmedabad,India,Accountant,Gujarat,Football
Vivaan Gupta,vivaan.gupta525@example.com,6244686805,48.0,Los Angeles,USA,Student,California,Kabaddi
Aarav Khan,aarav.khan526@example.com,6019540784,37.0,Mumbai,India,Manager,Maharashtra,
Meera Khan,meera.khan527@example.com,6273733230,28.0,Bengaluru,India,Teacher,Karnataka,Cricket
Rohan Singh,rohan.singh528@example.com,8006366294,60.0,Los Angeles,USA,Student,California,
Arjun Reddy,arjun.reddy529@example.com,6606756633,23.0,Hyderabad,India,Analyst,Telangana,Kabaddi
Karan Kulkarni,karan.kulkarni530@example.com,8212326568,21.0,Sydney,Australia,Designer,New South Wales,Cricket
Sai Patel,sai.patel531@example.com,8081150111,47.0,Jaipur,India,Engineer,Rajasthan,Hockey
Rahul Sharma,rahul.sharma532@example.com,7045069027,20.0,Singapore,Singapore,Engineer,Singapore,Kabaddi
Priya Patel,priya.patel533@example.com,8112889386,,New York,USA,Accountant,New York,Football
Kabir Rathore,kabir.rathore534@example.com,9617161326,54.0,Toronto,Canada,Student,Ontario,Volleyball
Aditya Nair,aditya.nair535@example.com,8422766003,34.0,Vancouver,,Doctor,British Columbia,Swimming
Diya Joshi,diya.joshi536@example.com,6256855388,63.0,,Singapore,Accountant,Singapore,Chess
Vihaan Verma,vihaan.verma537@example.com,6656062379,22.0,Toronto,Canada,Student,Ontario,Badminton
Kabir Sharma,kabir.sharma538@example.com,,22.0,Toronto,Canada,Engineer,Ontario,Hockey
Rahul Reddy,rahul.reddy539@example.com,8546446548,36.0,Berlin,Germany,Accountant,Berlin,Basketball
Yash Jain,yash.jain540@example.com,6101652705,39.0,Mumbai,India,Developer,Maharashtra,Basketball
Ishaan Khan,ishaan.khan541@example.com,8248078228,55.0,Chicago,,Consultant,Illinois,Kabaddi
Rohan Singh,rohan.singh542@example.com,6190055655,50.0,Jaipur,India,Consultant,Rajasthan,Kabaddi
Rohan Jain,rohan.jain543@example.com,6422045449,26.0,Chicago,USA,Manager,Illinois,Kabaddi
Aarav Kulkarni,aarav.kulkarni544@example.com,8896271163,31.0,Los Angeles,USA,Consultant,California,Cricket
Rohan Rathore,rohan.rathore545@example.com,9575508133,52.0,Pune,India,Teacher,Maharashtra,Chess
Diya Jain,,7630046577,,Singapore,Singapore,Designer,Singapore,Swimming
Priya Nair,priya.nair547@example.com,9780628325,56.0,Pune,India,Designer,Maharashtra,Basketball
Vihaan Singh,,6560138233,25.0,Sydney,Australia,Consultant,New South Wales,Basketball
Sai Joshi,sai.joshi549@example.com,8626276418,63.0,Toronto,Canada,Consultant,Ontario,Football
Krishna Singh,krishna.singh550@example.com,9100229788,40.0,Lucknow,India,Manager,Uttar Pradesh,Basketball
Meera Kulkarni,,7190684979,22.0,,India,Designer,Madhya Pradesh,Hockey
Kabir Nair,kabir.nair552@example.com,6969299498,25.0,Bengaluru,,Teacher,Karnataka,Cricket
Priya Verma,priya.verma553@example.com,9318385871,49.0,Jaipur,India,Accountant,Rajasthan,Swimming
Ishaan Nair,ishaan.nair554@example.com,6459043597,60.0,Hyderabad,India,Teacher,Telangana,Basketball
Meera Joshi,meera.joshi555@example.com,8549671382,48.0,Sydney,Australia,,New South Wales,Kabaddi
Aditya Mishra,aditya.mishra556@example.com,7314944195,46.0,Ahmedabad,India,Engineer,Gujarat,Football
Neha Reddy,neha.reddy557@example.com,7878747891,26.0,Pune,India,Consultant,Maharashtra,Basketball
Ananya Gupta,ananya.gupta558@example.com,6383074435,22.0,Los Angeles,,Accountant,California,Volleyball
,diya.kulkarni559@example.com,9123077378,47.0,,USA,Engineer,California,Swimming
Diya Singh,diya.singh560@example.com,8580187126,20.0,Munich,Germany,Doctor,Bavaria,Football
Krishna Nair,krishna.nair561@example.com,9251398810,44.0,Toronto,Canada,,Ontario,Kabaddi
Meera Reddy,meera.reddy562@example.com,9686484254,19.0,Jaipur,India,Consultant,Rajasthan,Cricket
Rahul Khan,rahul.khan563@example.com,7853579433,46.0,London,UK,Developer,England,Football
Aditya Khan,aditya.khan564@example.com,8282556516,,Manchester,UK,Manager,England,Football
Diya Joshi,diya.joshi565@example.com,7175023912,36.0,Melbourne,Australia,Developer,Victoria,Hockey
Yash Singh,yash.singh566@example.com,7929968211,34.0,Manchester,UK,Doctor,England,Hockey
Rahul Sharma,rahul.sharma567@example.com,9087479099,34.0,Mumbai,India,Teacher,Maharashtra,Basketball
Vihaan Reddy,vihaan.reddy568@example.com,9663118493,37.0,Bengaluru,,Student,,Basketball
Krishna Mehta,krishna.mehta569@example.com,7762367447,63.0,Lucknow,India,Consultant,Uttar Pradesh,Basketball
Rahul Mehta,rahul.mehta570@example.com,6976254012,28.0,Melbourne,Australia,Teacher,Victoria,Volleyball
,vihaan.rathore571@example.com,6237378248,21.0,Sydney,Australia,,New South Wales,Tennis
Rohan Sharma,rohan.sharma572@example.com,9929912445,40.0,Bhopal,India,Analyst,Madhya Pradesh,Chess
Priya Jain,priya.jain573@example.com,6777337562,32.0,,Australia,Developer,Victoria,Tennis
Rohan Mehta,,6813668261,37.0,Toronto,Canada,Teacher,Ontario,Cricket
Meera Rathore,meera.rathore575@example.com,7066427974,42.0,Toronto,Canada,Accountant,Ontario,Football
Kabir Nair,kabir.nair576@example.com,7796920592,34.0,Los Angeles,USA,Developer,California,Cricket
Aisha Khan,aisha.khan577@example.com,9791244780,44.0,Bengaluru,India,Accountant,Karnataka,Hockey
,rahul.mishra578@example.com,8731887649,22.0,Vancouver,Canada,Accountant,British Columbia,Swimming
Ananya Kulkarni,ananya.kulkarni579@example.com,9427720265,33.0,Singapore,Singapore,Student,,Basketball
Neha Reddy,neha.reddy580@example.com,9761602886,54.0,Manchester,UK,Consultant,England,Tennis
Aarav Joshi,aarav.joshi581@example.com,8814044130,56.0,London,UK,Student,England,Volleyball
Rohan Sharma,rohan.sharma582@example.com,8695593066,25.0,Chennai,India,,Tamil Nadu,Badminton
Karan Verma,karan.verma583@example.com,9561832215,21.0,Los Angeles,USA,Teacher,California,Hockey
Vivaan Singh,vivaan.singh584@example.com,8739290186,,Indore,India,Consultant,Madhya Pradesh,
Ananya Mehta,ananya.mehta585@example.com,8114240472,60.0,Jaipur,India,Student,Rajasthan,Hockey
Neha Jain,neha.jain586@example.com,7803056966,50.0,Lucknow,India,Teacher,Uttar Pradesh,Hockey
Krishna Singh,krishna.singh587@example.com,9225332247,61.0,Bengaluru,India,Doctor,Karnataka,
Arjun Mehta,arjun.mehta588@example.com,9845843418,35.0,Hyderabad,India,Manager,Telangana,Swimming
Karan Nair,karan.nair589@example.com,8477617671,50.0,Chennai,,Engineer,Tamil Nadu,Volleyball
Priya Sharma,priya.sharma590@example.com,9718123283,49.0,Chennai,India,Teacher,Tamil Nadu,Swimming
Priya Verma,priya.verma591@example.com,6233349448,56.0,Lucknow,India,Developer,Uttar Pradesh,Swimming
Meera Das,meera.das592@example.com,6335600710,18.0,Mumbai,India,Teacher,Maharashtra,Kabaddi
Ananya Reddy,ananya.reddy593@example.com,8744490682,36.0,Pune,India,Analyst,Maharashtra,Basketball
Ananya Sharma,ananya.sharma594@example.com,7246707599,19.0,Jaipur,India,Engineer,,Volleyball
Arjun Mehta,arjun.mehta595@example.com,8339496553,37.0,Melbourne,Australia,,Victoria,
Ananya Das,,6186931263,57.0,Ahmedabad,India,Developer,Gujarat,Swimming
Diya Jain,diya.jain597@example.com,8437640519,31.0,Bengaluru,India,Engineer,Karnataka,Chess
Neha Verma,neha.verma598@example.com,6047069860,18.0,Vancouver,,Doctor,British Columbia,Chess
Rohan Gupta,rohan.gupta599@example.com,6390534234,28.0,Melbourne,Australia,Manager,Victoria,Tennis
Sai Das,sai.das600@example.com,7792637976,45.0,,India,Developer,Rajasthan,
Sai Das,sai.das601@example.com,8246034333,47.0,Bhopal,India,Manager,,Swimming
Aditya Gupta,aditya.gupta602@example.com,7329826941,33.0,Munich,Germany,Consultant,Bavaria,Hockey
Arjun Das,arjun.das603@example.com,,36.0,Indore,India,Designer,Madhya Pradesh,
Kabir Verma,kabir.verma604@example.com,7470362422,45.0,London,UK,Consultant,England,Tennis
Sai Khan,sai.khan605@example.com,8794644631,37.0,Mumbai,India,Manager,Maharashtra,Swimming
Vivaan Das,vivaan.das606@example.com,7163277780,60.0,Munich,Germany,Doctor,Bavaria,
Rahul Jain,rahul.jain607@example.com,7953778708,62.0,Melbourne,Australia,Designer,Victoria,Cricket
Karan Sharma,karan.sharma608@example.com,6819322297,30.0,Vancouver,Canada,Student,,Volleyball
Karan Khan,karan.khan609@example.com,9894383077,34.0,London,UK,Engineer,,Basketball
Kabir Mishra,kabir.mishra610@example.com,6358615767,,Munich,Germany,Teacher,,Badminton
Kabir Gupta,kabir.gupta611@example.com,7327115022,44.0,Jaipur,India,Designer,Rajasthan,Hockey
Aisha Sharma,aisha.sharma612@example.com,,62.0,Singapore,Singapore,Analyst,Singapore,Volleyball
Karan Kulkarni,karan.kulkarni613@example.com,,19.0,Chennai,,,Tamil Nadu,Basketball
Rahul Gupta,rahul.gupta614@example.com,8954981852,41.0,Mumbai,India,Consultant,Maharashtra,Cricket
Arjun Das,arjun.das615@example.com,8020257450,50.0,Ahmedabad,India,Developer,Gujarat,
,rahul.kulkarni616@example.com,7755952455,28.0,Vancouver,Canada,Consultant,British Columbia,Kabaddi
Kabir Singh,,,23.0,Hyderabad,India,Manager,,Basketball
Rohan Gupta,rohan.gupta618@example.com,6407928572,25.0,Lucknow,India,Teacher,Uttar Pradesh,Cricket
Rohan Verma,rohan.verma619@example.com,7169482827,24.0,Mumbai,India,Designer,Maharashtra,Swimming
Ananya Rathore,ananya.rathore620@example.com,6962242929,50.0,,India,,Rajasthan,Chess
Sai Patel,sai.patel621@example.com,6578132687,47.0,Lucknow,India,Manager,Uttar Pradesh,Kabaddi
Aisha Das,aisha.das622@example.com,7084664777,65.0,Manchester,UK,Engineer,England,Basketball
Aditya Das,aditya.das623@example.com,7487751569,36.0,Vancouver,Canada,Developer,,Cricket
Vivaan Nair,vivaan.nair624@example.com,8659932920,26.0,Toronto,Canada,Engineer,Ontario,Badminton
Ishaan Jain,ishaan.jain625@example.com,9172574167,41.0,Chicago,USA,,Illinois,Football
Vihaan Rathore,vihaan.rathore626@example.com,,30.0,Singapore,Singapore,Engineer,Singapore,Tennis
Karan Patel,karan.patel627@example.com,8646052161,27.0,Toronto,Canada,Accountant,Ontario,Swimming
Sneha Rathore,,8757488976,,Lucknow,India,Analyst,Uttar Pradesh,Chess
,arjun.patel629@example.com,6595887969,32.0,Lucknow,India,Engineer,Uttar Pradesh,Hockey
Rahul Gupta,rahul.gupta630@example.com,6011562501,35.0,Singapore,Singapore,Consultant,,Basketball
Arjun Patel,arjun.patel631@example.com,,,Indore,India,Designer,Madhya Pradesh,Volleyball
Sneha Mishra,sneha.mishra632@example.com,7354589043,35.0,Munich,Germany,Accountant,Bavaria,Cricket
Diya Joshi,diya.joshi633@example.com,,,Toronto,Canada,Doctor,Ontario,Cricket
Diya Mehta,diya.mehta634@example.com,8435429307,,New York,USA,Manager,New York,Badminton
Aisha Patel,,9840475476,41.0,Chicago,USA,,,Chess
Vivaan Jain,vivaan.jain636@example.com,,39.0,Bhopal,India,Doctor,,Swimming
Neha Jain,neha.jain637@example.com,6056049939,,Ahmedabad,India,Accountant,Gujarat,Basketball
Rahul Jain,rahul.jain638@example.com,9530907064,24.0,Lucknow,India,Accountant,Uttar Pradesh,Chess
Rahul Sharma,rahul.sharma639@example.com,8807484454,48.0,Toronto,Canada,Student,Ontario,Badminton
Krishna Reddy,,,64.0,Ahmedabad,India,Student,Gujarat,Cricket
Diya Patel,diya.patel641@example.com,6431107132,20.0,Chennai,India,Doctor,Tamil Nadu,Kabaddi
,priya.sharma642@example.com,6486580326,25.0,,Germany,Accountant,Bavaria,Cricket
Kabir Kulkarni,kabir.kulkarni643@example.com,,45.0,Indore,India,,Madhya Pradesh,Cricket
Rahul Gupta,rahul.gupta644@example.com,8697120086,38.0,,UK,,England,Volleyball
,,9554834854,58.0,Vancouver,Canada,Doctor,British Columbia,Hockey
Vivaan Nair,vivaan.nair646@example.com,7808129945,40.0,Chicago,USA,Teacher,Illinois,Cricket
Krishna Sharma,krishna.sharma647@example.com,7806793983,24.0,London,,Developer,England,Chess
Arjun Mishra,arjun.mishra648@example.com,8203175784,,,India,Manager,Tamil Nadu,Kabaddi
Aisha Das,aisha.das649@example.com,8744956196,35.0,Berlin,,Analyst,Berlin,Basketball
Kabir Kulkarni,kabir.kulkarni650@example.com,9509148718,26.0,London,UK,Teacher,England,Badminton
Krishna Patel,krishna.patel651@example.com,6803541824,63.0,,,Student,Singapore,Badminton
Aditya Nair,aditya.nair652@example.com,,64.0,Munich,,Doctor,Bavaria,Badminton
Neha Khan,neha.khan653@example.com,6287219536,34.0,Bengaluru,India,Student,Karnataka,Hockey
Ishaan Gupta,ishaan.gupta654@example.com,7400263823,,Lucknow,India,,Uttar Pradesh,Kabaddi
Sai Nair,sai.nair655@example.com,9159423190,54.0,Vancouver,Canada,Doctor,British Columbia,Swimming
Neha Reddy,neha.reddy656@example.com,6139605710,39.0,Mumbai,India,Manager,Maharashtra,Football
Karan Singh,karan.singh657@example.com,6809460561,50.0,New York,USA,Developer,New York,
Neha Verma,neha.verma658@example.com,8399395156,,Vancouver,Canada,Analyst,British Columbia,Hockey
Ishaan Mishra,ishaan.mishra659@example.com,7755111840,25.0,London,UK,,England,Football
Aditya Das,,6434761810,34.0,Lucknow,India,Analyst,Uttar Pradesh,Basketball
Ishaan Jain,ishaan.jain661@example.com,9463873586,61.0,Lucknow,,Designer,Uttar Pradesh,Volleyball
Sneha Mehta,sneha.mehta662@example.com,,35.0,Bengaluru,India,Analyst,Karnataka,Kabaddi
Neha Nair,neha.nair663@example.com,,33.0,Melbourne,Australia,Analyst,Victoria,Chess
Aditya Kulkarni,aditya.kulkarni664@example.com,7485789948,18.0,Manchester,UK,Analyst,England,
Vihaan Khan,vihaan.khan665@example.com,6107265739,43.0,Indore,India,Engineer,Madhya Pradesh,Hockey
Karan Reddy,karan.reddy666@example.com,8962955995,43.0,,India,Developer,Madhya Pradesh,Volleyball
Rahul Singh,rahul.singh667@example.com,9664979836,23.0,Bhopal,,Student,Madhya Pradesh,Chess
Yash Das,yash.das668@example.com,8580735536,,,Canada,Teacher,Ontario,Kabaddi
Neha Verma,neha.verma669@example.com,,59.0,Chennai,India,Consultant,Tamil Nadu,Volleyball
Diya Mishra,diya.mishra670@example.com,8185528017,20.0,Manchester,UK,Doctor,England,Football
Ananya Jain,ananya.jain671@example.com,9418331478,39.0,Manchester,UK,Engineer,,Kabaddi
Priya Das,priya.das672@example.com,9422233928,,Sydney,Australia,,New South Wales,Swimming
Yash Reddy,yash.reddy673@example.com,,35.0,Lucknow,India,Developer,Uttar Pradesh,Basketball
Krishna Jain,krishna.jain674@example.com,7279441145,47.0,Singapore,Singapore,,Singapore,Tennis
Vivaan Singh,vivaan.singh675@example.com,6013783189,30.0,Toronto,Canada,Engineer,Ontario,Volleyball
Ishaan Jain,ishaan.jain676@example.com,7201767265,59.0,Hyderabad,India,Analyst,,Cricket
Sneha Singh,sneha.singh677@example.com,6488497386,,New York,USA,,New York,Swimming
Vihaan Jain,,9885698559,38.0,Indore,India,Analyst,Madhya Pradesh,Tennis
Sneha Joshi,sneha.joshi679@example.com,9085289127,37.0,Bhopal,India,Teacher,Madhya Pradesh,Volleyball
Yash Rathore,yash.rathore680@example.com,6951231638,60.0,Ahmedabad,India,Accountant,Gujarat,Kabaddi
Ishaan Verma,ishaan.verma681@example.com,8570504594,53.0,Melbourne,Australia,Doctor,,Kabaddi
Karan Rathore,karan.rathore682@example.com,,65.0,Chicago,USA,Teacher,Illinois,Hockey
Karan Mehta,karan.mehta683@example.com,9792555791,27.0,Singapore,Singapore,Doctor,Singapore,
Priya Khan,priya.khan684@example.com,8529372366,33.0,Manchester,UK,,England,Basketball
Vihaan Das,vihaan.das685@example.com,6252633204,30.0,,India,Consultant,Karnataka,Kabaddi
Karan Gupta,karan.gupta686@example.com,,61.0,Bhopal,,Accountant,Madhya Pradesh,Kabaddi
Vivaan Jain,vivaan.jain687@example.com,7808198024,61.0,Sydney,Australia,Teacher,New South Wales,Cricket
Sai Gupta,sai.gupta688@example.com,7021314934,55.0,Ahmedabad,India,Teacher,Gujarat,Tennis
Krishna Reddy,krishna.reddy689@example.com,9356289773,,Hyderabad,India,Consultant,Telangana,Swimming
Neha Das,,8073458943,38.0,Ahmedabad,India,Manager,Gujarat,Badminton
,vihaan.mehta691@example.com,6168206689,36.0,Manchester,,Designer,,Volleyball
,sai.singh692@example.com,6097837034,54.0,Los Angeles,USA,Teacher,California,Hockey
Aisha Khan,aisha.khan693@example.com,6427159677,27.0,Sydney,Australia,Student,New South Wales,
Krishna Mehta,krishna.mehta694@example.com,6568371738,61.0,Hyderabad,India,Developer,Telangana,Kabaddi
Aarav Joshi,aarav.joshi695@example.com,8468942437,58.0,,India,Developer,Uttar Pradesh,
Aditya Gupta,aditya.gupta696@example.com,6855405742,55.0,Indore,India,,Madhya Pradesh,Tennis
Aditya Sharma,aditya.sharma697@example.com,9773955756,42.0,Chicago,,Designer,Illinois,Volleyball
Sneha Verma,,9717336306,18.0,,Canada,Consultant,,Cricket
Vivaan Nair,vivaan.nair699@example.com,9654719585,27.0,Bhopal,India,Engineer,Madhya Pradesh,Football
Karan Mishra,karan.mishra700@example.com,9625211223,29.0,Chennai,India,Developer,Tamil Nadu,Basketball
Vihaan Joshi,vihaan.joshi701@example.com,6359646941,21.0,,Germany,Teacher,Bavaria,Swimming
Aarav Patel,aarav.patel702@example.com,7405348473,47.0,Lucknow,,Consultant,Uttar Pradesh,Volleyball
Kabir Joshi,kabir.joshi703@example.com,6794320422,58.0,,UK,Manager,England,Football
Priya Rathore,priya.rathore704@example.com,9188316900,57.0,Munich,Germany,Manager,Bavaria,Hockey
Neha Mehta,neha.mehta705@example.com,8776664195,59.0,Melbourne,Australia,Developer,Victoria,Kabaddi
Rohan Nair,,8473426175,27.0,Sydney,Australia,Manager,,Badminton
Meera Mishra,meera.mishra707@example.com,8203751070,27.0,London,UK,Manager,England,Badminton
Arjun Gupta,arjun.gupta708@example.com,7724827907,22.0,Chennai,India,Doctor,Tamil Nadu,Hockey
Vivaan Rathore,vivaan.rathore709@example.com,9340347884,51.0,Munich,Germany,Engineer,Bavaria,Football
Diya Nair,diya.nair710@example.com,6855787507,59.0,London,UK,Designer,England,Chess
Meera Kulkarni,meera.kulkarni711@example.com,6066200361,19.0,Pune,India,Analyst,Maharashtra,Cricket
Priya Joshi,priya.joshi712@example.com,9855165109,45.0,Vancouver,Canada,Manager,,Football
Kabir Nair,kabir.nair713@example.com,6879293521,48.0,Chennai,India,Designer,Tamil Nadu,Volleyball
Ananya Rathore,ananya.rathore714@example.com,8952181794,22.0,,India,Engineer,Madhya Pradesh,Chess
Vihaan Joshi,vihaan.joshi715@example.com,7106150884,65.0,Melbourne,Australia,Student,Victoria,Football
Priya Gupta,,8840003012,38.0,London,UK,Teacher,England,Cricket
Aditya Joshi,aditya.joshi717@example.com,8858469963,34.0,Bengaluru,India,Analyst,Karnataka,Swimming
Sai Nair,sai.nair718@example.com,6945099858,64.0,Lucknow,India,Developer,,
Rahul Singh,rahul.singh719@example.com,,55.0,Bhopal,India,Developer,,Badminton
Aditya Rathore,aditya.rathore720@example.com,6416672418,39.0,New York,USA,Consultant,New York,Tennis
Vivaan Joshi,vivaan.joshi721@example.com,8234738439,47.0,Bengaluru,India,Doctor,,Kabaddi
Vihaan Mehta,vihaan.mehta722@example.com,9428728361,59.0,New York,USA,Designer,New York,Swimming
Ishaan Mehta,ishaan.mehta723@example.com,,48.0,Bhopal,India,Engineer,Madhya Pradesh,Badminton
Meera Mehta,meera.mehta724@example.com,8473436081,61.0,Munich,Germany,Engineer,Bavaria,Chess
Meera Khan,meera.khan725@example.com,9417593019,31.0,,India,Consultant,Telangana,Chess
Ishaan Joshi,ishaan.joshi726@example.com,7560170349,39.0,New York,USA,Doctor,New York,Tennis
,priya.sharma727@example.com,9065695085,52.0,Lucknow,,,Uttar Pradesh,Tennis
Aisha Mishra,aisha.mishra728@example.com,8318923758,30.0,Melbourne,Australia,Designer,Victoria,Basketball
Meera Reddy,meera.reddy729@example.com,6109929829,47.0,Mumbai,India,Engineer,Maharashtra,Basketball
Yash Nair,yash.nair730@example.com,8233903400,43.0,Chennai,India,,Tamil Nadu,Hockey
Vivaan Joshi,vivaan.joshi731@example.com,9462969723,45.0,Chennai,India,Engineer,Tamil Nadu,Volleyball
Krishna Verma,krishna.verma732@example.com,6480330764,47.0,,,Doctor,Singapore,
Arjun Rathore,arjun.rathore733@example.com,8711445305,41.0,Manchester,UK,,England,Kabaddi
Priya Verma,priya.verma734@example.com,8198238180,27.0,Toronto,Canada,Designer,Ontario,Chess
Krishna Das,krishna.das735@example.com,7375968622,31.0,Lucknow,India,Developer,Uttar Pradesh,Volleyball
Karan Rathore,karan.rathore736@example.com,8699314153,51.0,Ahmedabad,India,Manager,,Swimming
Rahul Kulkarni,rahul.kulkarni737@example.com,7684279014,58.0,Toronto,Canada,Developer,Ontario,
Aarav Patel,aarav.patel738@example.com,7584191109,21.0,Chicago,USA,Developer,Illinois,Football
Rohan Patel,rohan.patel739@example.com,9870651515,58.0,,Singapore,Engineer,Singapore,Basketball
Aditya Gupta,aditya.gupta740@example.com,9757856355,61.0,,India,Designer,Karnataka,Hockey
Meera Singh,meera.singh741@example.com,6421584122,22.0,Manchester,,Accountant,England,Hockey
Aditya Reddy,,,23.0,Pune,,Engineer,Maharashtra,Hockey
Vivaan Sharma,vivaan.sharma743@example.com,7414526128,18.0,Vancouver,Canada,Consultant,British Columbia,Badminton
Rohan Joshi,rohan.joshi744@example.com,9256948363,54.0,Jaipur,India,Manager,Rajasthan,Chess
Rahul Singh,,7818730451,32.0,Hyderabad,India,Doctor,Telangana,Hockey
Aarav Nair,aarav.nair746@example.com,8347560820,25.0,Singapore,Singapore,Accountant,Singapore,Badminton
Kabir Rathore,kabir.rathore747@example.com,8478244503,52.0,,India,Analyst,Madhya Pradesh,Cricket
Vihaan Joshi,vihaan.joshi748@example.com,7102617992,52.0,,India,Doctor,,Tennis
Ishaan Kulkarni,ishaan.kulkarni749@example.com,8581657328,32.0,Mumbai,India,Manager,Maharashtra,Volleyball
Vivaan Das,vivaan.das750@example.com,8362638330,48.0,Jaipur,India,Analyst,Rajasthan,Basketball
Vivaan Nair,vivaan.nair751@example.com,,51.0,Jaipur,India,,Rajasthan,Hockey
Aditya Das,aditya.das752@example.com,,,Pune,India,Consultant,Maharashtra,Football
Arjun Khan,arjun.khan753@example.com,6947241488,22.0,Chennai,India,Accountant,Tamil Nadu,Chess
,meera.das754@example.com,6052783731,43.0,Hyderabad,,Engineer,Telangana,Football
Krishna Khan,krishna.khan755@example.com,9237787588,47.0,Sydney,Australia,Designer,New South Wales,Badminton
Sneha Verma,sneha.verma756@example.com,6555382536,43.0,Los Angeles,USA,Consultant,California,Chess
Neha Rathore,neha.rathore757@example.com,9050883063,52.0,,Australia,Consultant,Victoria,Tennis
Aarav Rathore,aarav.rathore758@example.com,9435964301,58.0,Sydney,Australia,Manager,New South Wales,Basketball
Yash Rathore,yash.rathore759@example.com,6985225219,43.0,Bengaluru,India,Engineer,Karnataka,Basketball
Yash Sharma,yash.sharma760@example.com,8627433176,30.0,Manchester,UK,Teacher,England,Volleyball
Ananya Reddy,ananya.reddy761@example.com,7486864844,,Mumbai,India,Analyst,Maharashtra,Hockey
Arjun Gupta,arjun.gupta762@example.com,9206759075,32.0,Melbourne,Australia,Developer,Victoria,Football
Kabir Khan,kabir.khan763@example.com,9238625756,30.0,Melbourne,Australia,Student,Victoria,Cricket
Yash Verma,yash.verma764@example.com,9098144015,58.0,Bhopal,India,Developer,Madhya Pradesh,Volleyball
Meera Khan,meera.khan765@example.com,6095619062,27.0,Indore,India,Teacher,Madhya Pradesh,Tennis
Karan Singh,karan.singh766@example.com,6117420932,22.0,London,UK,Designer,England,Kabaddi
Aditya Verma,aditya.verma767@example.com,9624228342,41.0,,,Analyst,England,Basketball
Neha Verma,neha.verma768@example.com,9632230753,43.0,Pune,India,Consultant,Maharashtra,Cricket
Diya Nair,diya.nair769@example.com,9626825893,43.0,Munich,Germany,Developer,,Volleyball
Aditya Mehta,aditya.mehta770@example.com,6138670148,64.0,Jaipur,India,Designer,,Tennis
Ananya Khan,ananya.khan771@example.com,7537848799,,Sydney,Australia,Student,New South Wales,Tennis
Meera Rathore,,6319970701,35.0,Ahmedabad,India,Engineer,Gujarat,Badminton
Kabir Patel,kabir.patel773@example.com,,28.0,,Australia,Engineer,New South Wales,Cricket
Yash Mehta,yash.mehta774@example.com,9701208634,51.0,Chennai,India,Engineer,Tamil Nadu,Cricket
Sai Das,sai.das775@example.com,9984380287,26.0,Mumbai,India,,Maharashtra,Chess
Yash Joshi,yash.joshi776@example.com,7439292664,37.0,Vancouver,Canada,Consultant,British Columbia,Basketball
Yash Joshi,yash.joshi777@example.com,6654801829,33.0,Ahmedabad,India,Manager,Gujarat,Badminton
Vivaan Reddy,vivaan.reddy778@example.com,,25.0,,India,Analyst,Karnataka,Chess
Rohan Khan,rohan.khan779@example.com,9913600607,60.0,,Germany,Accountant,Berlin,Football
Sneha Verma,sneha.verma780@example.com,6460565771,53.0,Chicago,USA,Consultant,Illinois,
Vivaan Mishra,vivaan.mishra781@example.com,9399843517,65.0,Los Angeles,USA,Student,California,Basketball
Ishaan Verma,ishaan.verma782@example.com,6527747136,59.0,Chicago,USA,Consultant,Illinois,Tennis
Rahul Gupta,rahul.gupta783@example.com,7401129582,64.0,Bhopal,India,Teacher,Madhya Pradesh,Chess
Yash Kulkarni,yash.kulkarni784@example.com,,63.0,Munich,,,Bavaria,Swimming
Neha Gupta,neha.gupta785@example.com,9921399146,37.0,Los Angeles,USA,Analyst,,Basketball
Krishna Singh,krishna.singh786@example.com,6267476291,42.0,Bhopal,India,Designer,Madhya Pradesh,Football
Vivaan Mehta,vivaan.mehta787@example.com,,60.0,,USA,Teacher,Illinois,Basketball
Vihaan Mishra,,8614798573,29.0,,India,Student,Rajasthan,Hockey
Aarav Nair,aarav.nair789@example.com,8270436524,63.0,Lucknow,India,Developer,Uttar Pradesh,Badminton
Krishna Verma,krishna.verma790@example.com,7720045920,62.0,Indore,India,Developer,Madhya Pradesh,Cricket
Kabir Sharma,kabir.sharma791@example.com,7067255506,59.0,Los Angeles,USA,Accountant,California,Hockey
,vihaan.mehta792@example.com,7967991048,33.0,Chicago,USA,Doctor,Illinois,Volleyball
Aarav Joshi,aarav.joshi793@example.com,7994806904,,Lucknow,,Manager,Uttar Pradesh,Basketball
Priya Jain,priya.jain794@example.com,9682300738,,London,,Consultant,England,
Rohan Verma,rohan.verma795@example.com,7632585730,22.0,Pune,India,Designer,Maharashtra,Chess
Rohan Sharma,,7387174025,38.0,Berlin,Germany,Consultant,Berlin,
Rahul Khan,rahul.khan797@example.com,9458814592,21.0,,UK,Engineer,England,Tennis
Priya Reddy,priya.reddy798@example.com,9562836916,27.0,,Canada,Engineer,Ontario,Football
,,6302796934,55.0,Pune,India,Student,Maharashtra,Badminton
,arjun.rathore800@example.com,,65.0,New York,USA,,New York,Kabaddi
Ananya Sharma,ananya.sharma801@example.com,6964234244,36.0,Chicago,,Engineer,Illinois,
Yash Joshi,yash.joshi802@example.com,8780977888,61.0,Lucknow,India,Teacher,Uttar Pradesh,Kabaddi
Meera Khan,meera.khan803@example.com,8033478615,36.0,Melbourne,Australia,Student,Victoria,Chess
Vihaan Nair,vihaan.nair804@example.com,7335237248,26.0,Chicago,USA,Doctor,Illinois,Basketball
Neha Sharma,neha.sharma805@example.com,7962171055,46.0,Vancouver,,Analyst,British Columbia,Chess
Aditya Mishra,aditya.mishra806@example.com,9131226078,31.0,Toronto,Canada,Accountant,Ontario,Basketball
Vihaan Verma,vihaan.verma807@example.com,6539746676,50.0,Manchester,UK,Engineer,England,Kabaddi
Aditya Joshi,aditya.joshi808@example.com,9304056030,,Mumbai,India,Teacher,Maharashtra,Chess
Kabir Gupta,kabir.gupta809@example.com,9727982631,26.0,Pune,India,Doctor,Maharashtra,Cricket
Krishna Joshi,krishna.joshi810@example.com,9943431835,31.0,,India,Consultant,Uttar Pradesh,Cricket
Vivaan Khan,vivaan.khan811@example.com,6616709638,32.0,New York,USA,Student,New York,Volleyball
,karan.sharma812@example.com,6334112216,64.0,Berlin,Germany,Designer,Berlin,Volleyball
Aditya Patel,aditya.patel813@example.com,,30.0,Melbourne,Australia,Engineer,Victoria,Chess
Meera Mehta,meera.mehta814@example.com,8772691919,55.0,Berlin,Germany,Analyst,Berlin,Badminton
Karan Jain,karan.jain815@example.com,7399261443,53.0,Lucknow,India,Consultant,Uttar Pradesh,Swimming
Arjun Sharma,arjun.sharma816@example.com,9331929509,21.0,Melbourne,Australia,Developer,Victoria,Kabaddi
,aditya.verma817@example.com,8680731819,23.0,Sydney,Australia,Teacher,New South Wales,Chess
Neha Rathore,,9099227516,21.0,London,UK,Engineer,England,Volleyball
Priya Jain,priya.jain819@example.com,8303295926,23.0,Jaipur,India,Consultant,Rajasthan,Badminton
Neha Verma,neha.verma820@example.com,7523272322,23.0,Melbourne,Australia,Doctor,Victoria,Kabaddi
Sai Gupta,sai.gupta821@example.com,8373081177,31.0,Indore,India,Consultant,Madhya Pradesh,Football
Rahul Mishra,rahul.mishra822@example.com,8065639678,37.0,Singapore,Singapore,Student,Singapore,Cricket
Sai Mehta,sai.mehta823@example.com,9554453869,22.0,Vancouver,Canada,Engineer,British Columbia,Volleyball
Vivaan Kulkarni,vivaan.kulkarni824@example.com,9721695157,23.0,Hyderabad,India,Engineer,,Badminton
Neha Das,neha.das825@example.com,8031364385,19.0,Bhopal,,Accountant,Madhya Pradesh,Hockey
Kabir Kulkarni,kabir.kulkarni826@example.com,6377833640,31.0,Bengaluru,India,Teacher,Karnataka,Basketball
Ishaan Rathore,ishaan.rathore827@example.com,6243141003,46.0,Hyderabad,India,Analyst,Telangana,Chess
Yash Singh,yash.singh828@example.com,9402769333,34.0,Indore,India,Doctor,Madhya Pradesh,Hockey
Vivaan Mishra,vivaan.mishra829@example.com,9175386183,33.0,Sydney,Australia,Doctor,New South Wales,Football
Aarav Sharma,aarav.sharma830@example.com,,59.0,Berlin,Germany,Analyst,Berlin,Tennis
Diya Mehta,diya.mehta831@example.com,,,,India,,Madhya Pradesh,Hockey
Sneha Das,sneha.das832@example.com,8588230753,30.0,Toronto,Canada,Engineer,Ontario,Volleyball
Kabir Jain,kabir.jain833@example.com,8672950508,19.0,Bengaluru,India,Designer,Karnataka,
,sai.rathore834@example.com,6464490727,,Melbourne,Australia,Accountant,Victoria,Cricket
Meera Das,meera.das835@example.com,6774086696,23.0,London,UK,Doctor,England,
,vivaan.kulkarni836@example.com,9324065372,40.0,Bhopal,India,Doctor,Madhya Pradesh,Badminton
Krishna Gupta,krishna.gupta837@example.com,9740329732,19.0,London,UK,Accountant,England,Badminton
Meera Joshi,meera.joshi838@example.com,9075570910,19.0,Manchester,,Designer,England,Swimming
Krishna Kulkarni,krishna.kulkarni839@example.com,6185844719,43.0,,USA,Designer,California,Football
Sneha Rathore,sneha.rathore840@example.com,,64.0,Lucknow,India,Developer,Uttar Pradesh,Kabaddi
Sai Mishra,,7911443296,,New York,USA,Consultant,New York,Tennis
Aarav Reddy,aarav.reddy842@example.com,8754149797,,,USA,Designer,Illinois,Tennis
,vihaan.das843@example.com,6520486608,54.0,Hyderabad,India,Manager,Telangana,Swimming
Ananya Jain,ananya.jain844@example.com,9888940696,42.0,Sydney,Australia,Analyst,New South Wales,Cricket
Vivaan Nair,vivaan.nair845@example.com,9313152157,18.0,Jaipur,India,Consultant,,Cricket
Karan Kulkarni,karan.kulkarni846@example.com,9035608001,48.0,Lucknow,India,Consultant,Uttar Pradesh,Chess
Meera Sharma,meera.sharma847@example.com,,,Los Angeles,USA,Designer,California,Chess
Aisha Joshi,aisha.joshi848@example.com,7952805656,58.0,Mumbai,India,Doctor,Maharashtra,Swimming
Neha Rathore,neha.rathore849@example.com,9872460054,31.0,Munich,Germany,Student,Bavaria,Football
Karan Gupta,karan.gupta850@example.com,6689060102,23.0,,UK,Manager,,Chess
Aisha Mishra,aisha.mishra851@example.com,6351985725,57.0,Chicago,USA,Teacher,Illinois,Football
Sneha Rathore,sneha.rathore852@example.com,6732938445,,,Canada,Developer,British Columbia,Cricket
Krishna Reddy,krishna.reddy853@example.com,7469049924,61.0,Toronto,Canada,Manager,Ontario,Hockey
Karan Rathore,karan.rathore854@example.com,7551414382,25.0,Indore,,Analyst,Madhya Pradesh,Swimming
Vivaan Sharma,,9076900879,53.0,Manchester,,Developer,England,
Kabir Nair,kabir.nair856@example.com,6804600496,36.0,Ahmedabad,India,Analyst,Gujarat,Swimming
Aarav Mishra,aarav.mishra857@example.com,8563706603,50.0,Melbourne,Australia,Engineer,Victoria,Swimming
,vihaan.rathore858@example.com,8546932343,45.0,,India,Accountant,Madhya Pradesh,Basketball
Rohan Verma,rohan.verma859@example.com,7532273890,22.0,Chicago,USA,Student,Illinois,Tennis
Ishaan Das,,,46.0,Chicago,USA,Consultant,Illinois,Badminton
Priya Das,priya.das861@example.com,8065418889,34.0,Bhopal,India,Doctor,Madhya Pradesh,Hockey
Diya Sharma,diya.sharma862@example.com,7816517987,,Mumbai,India,Analyst,Maharashtra,Kabaddi
Rohan Rathore,rohan.rathore863@example.com,8084005200,25.0,Singapore,Singapore,Student,Singapore,Badminton
Krishna Mehta,krishna.mehta864@example.com,6723277911,48.0,Chennai,India,Doctor,Tamil Nadu,Football
Vihaan Kulkarni,vihaan.kulkarni865@example.com,8089400215,36.0,Berlin,Germany,Designer,Berlin,Swimming
Aditya Mehta,aditya.mehta866@example.com,8959851013,29.0,Mumbai,,Accountant,Maharashtra,Kabaddi
Ishaan Jain,ishaan.jain867@example.com,8879817465,52.0,,Australia,Designer,New South Wales,Hockey
,sai.sharma868@example.com,8271107973,63.0,Hyderabad,India,Consultant,Telangana,Swimming
Kabir Patel,kabir.patel869@example.com,9718524880,59.0,Manchester,UK,Accountant,England,Swimming
Sai Khan,sai.khan870@example.com,9874572512,64.0,Singapore,,Developer,Singapore,
Sneha Singh,,6295804707,40.0,Hyderabad,India,Developer,Telangana,Basketball
Vihaan Joshi,vihaan.joshi872@example.com,,21.0,Munich,,Accountant,Bavaria,Cricket
Aarav Patel,aarav.patel873@example.com,7890824123,36.0,Hyderabad,India,Student,Telangana,Badminton
Neha Joshi,neha.joshi874@example.com,7103485280,47.0,Melbourne,Australia,Doctor,Victoria,Volleyball
Sai Patel,sai.patel875@example.com,7233318570,44.0,Melbourne,Australia,Manager,Victoria,Cricket
Sai Verma,sai.verma876@example.com,9478769089,64.0,Los Angeles,USA,Accountant,California,Kabaddi
Rohan Patel,rohan.patel877@example.com,8042775235,,Hyderabad,India,Student,Telangana,Chess
Aditya Khan,aditya.khan878@example.com,8920271041,28.0,Hyderabad,,Manager,,Volleyball
Ishaan Gupta,ishaan.gupta879@example.com,,27.0,,USA,Analyst,,Cricket
Aarav Sharma,aarav.sharma880@example.com,7151355352,63.0,London,,Manager,England,
Aarav Mehta,aarav.mehta881@example.com,6030328585,49.0,Indore,India,Teacher,Madhya Pradesh,Badminton
Priya Jain,priya.jain882@example.com,6053166023,60.0,Hyderabad,India,Doctor,Telangana,Chess
Sai Singh,sai.singh883@example.com,8047869123,43.0,Vancouver,Canada,Engineer,British Columbia,Chess
Sneha Sharma,sneha.sharma884@example.com,9720411723,51.0,Manchester,UK,Developer,England,Hockey
Arjun Joshi,arjun.joshi885@example.com,6919749456,65.0,Chicago,USA,Doctor,Illinois,Volleyball
Sai Joshi,sai.joshi886@example.com,7810771614,21.0,Chicago,USA,Developer,Illinois,Football
Krishna Jain,krishna.jain887@example.com,9696578786,51.0,London,UK,Doctor,England,Football
Arjun Gupta,arjun.gupta888@example.com,6316855546,49.0,London,UK,Student,England,Basketball
Meera Joshi,meera.joshi889@example.com,8354223101,56.0,Singapore,Singapore,Analyst,Singapore,Football
,rahul.joshi890@example.com,9705005788,24.0,Mumbai,India,,Maharashtra,Tennis
Sai Nair,sai.nair891@example.com,8895039239,52.0,,India,Manager,Karnataka,Kabaddi
Karan Reddy,karan.reddy892@example.com,9774267982,51.0,Chennai,India,Developer,,
Aarav Nair,aarav.nair893@example.com,9284026009,38.0,Manchester,UK,Consultant,England,Cricket
Vihaan Patel,vihaan.patel894@example.com,9499977242,51.0,Hyderabad,India,Consultant,Telangana,
Yash Das,yash.das895@example.com,7895787364,51.0,Manchester,UK,Engineer,England,Hockey
Vivaan Verma,vivaan.verma896@example.com,7791764427,37.0,Manchester,UK,Manager,England,
Aisha Das,aisha.das897@example.com,6464618569,64.0,Lucknow,India,Analyst,Uttar Pradesh,Cricket
Aditya Gupta,aditya.gupta898@example.com,8186164992,32.0,Indore,India,Manager,Madhya Pradesh,Cricket
Yash Patel,yash.patel899@example.com,,41.0,Munich,Germany,Consultant,Bavaria,Cricket
Vivaan Jain,vivaan.jain900@example.com,,34.0,Hyderabad,India,Teacher,Telangana,Volleyball
,aditya.gupta901@example.com,6033589432,21.0,Chennai,India,Engineer,Tamil Nadu,
Sneha Kulkarni,sneha.kulkarni902@example.com,9759621729,40.0,Singapore,Singapore,Accountant,Singapore,
Ishaan Rathore,ishaan.rathore903@example.com,9126339836,47.0,Ahmedabad,India,Teacher,Gujarat,Cricket
,krishna.khan904@example.com,6199660690,43.0,Hyderabad,India,Analyst,,Kabaddi
Rohan Singh,rohan.singh905@example.com,9686514087,30.0,Hyderabad,India,Analyst,Telangana,Volleyball
Sneha Verma,sneha.verma906@example.com,7858734596,62.0,Vancouver,Canada,Engineer,British Columbia,Swimming
Karan Reddy,karan.reddy907@example.com,,38.0,Munich,Germany,,Bavaria,Volleyball
Meera Rathore,meera.rathore908@example.com,7114046450,52.0,Mumbai,India,Designer,Maharashtra,Volleyball
Yash Jain,yash.jain909@example.com,7175054681,20.0,Lucknow,India,Designer,Uttar Pradesh,Cricket
Sai Verma,sai.verma910@example.com,8710344841,32.0,Jaipur,India,Student,Rajasthan,Tennis
Yash Sharma,,6404295779,57.0,Vancouver,Canada,Student,British Columbia,Volleyball
Ishaan Patel,ishaan.patel912@example.com,7223262840,27.0,New York,USA,Consultant,New York,Volleyball
Kabir Singh,kabir.singh913@example.com,8250085841,41.0,Melbourne,Australia,Designer,Victoria,Volleyball
Kabir Mehta,kabir.mehta914@example.com,6302616444,60.0,Singapore,Singapore,Student,Singapore,Hockey
Priya Joshi,priya.joshi915@example.com,7924124135,64.0,Lucknow,India,Engineer,Uttar Pradesh,Football
Aarav Patel,aarav.patel916@example.com,9668858594,65.0,Lucknow,India,Developer,,Cricket
Diya Mishra,diya.mishra917@example.com,,43.0,,USA,Doctor,California,Chess
Krishna Rathore,krishna.rathore918@example.com,6102347167,33.0,,Canada,Doctor,Ontario,Kabaddi
Rahul Sharma,rahul.sharma919@example.com,,,Toronto,Canada,Teacher,Ontario,Football
Aditya Rathore,,,59.0,Melbourne,Australia,Consultant,Victoria,Tennis
Neha Rathore,neha.rathore921@example.com,7178298440,63.0,New York,USA,,New York,Swimming
Karan Patel,karan.patel922@example.com,7256159740,37.0,Jaipur,India,Manager,Rajasthan,Cricket
Meera Verma,meera.verma923@example.com,6539223238,19.0,Lucknow,India,Engineer,Uttar Pradesh,
Diya Reddy,diya.reddy924@example.com,9064023102,18.0,London,UK,Teacher,England,Football
,sai.khan925@example.com,8047585876,48.0,Mumbai,India,Developer,Maharashtra,Cricket
Krishna Gupta,krishna.gupta926@example.com,6824910445,58.0,Mumbai,India,Consultant,Maharashtra,Kabaddi
Yash Reddy,yash.reddy927@example.com,9189951356,37.0,Vancouver,Canada,Accountant,British Columbia,Swimming
Priya Kulkarni,priya.kulkarni928@example.com,7630605724,27.0,New York,USA,Consultant,New York,Football
Diya Singh,diya.singh929@example.com,,53.0,Los Angeles,USA,Analyst,California,Volleyball
Karan Patel,karan.patel930@example.com,7272258251,19.0,Vancouver,Canada,Student,British Columbia,Tennis
Rohan Mishra,rohan.mishra931@example.com,7892969741,21.0,New York,USA,Accountant,New York,Volleyball
Vivaan Singh,vivaan.singh932@example.com,7579771092,47.0,Melbourne,Australia,Designer,Victoria,Cricket
Yash Sharma,yash.sharma933@example.com,6732273500,18.0,Toronto,Canada,Designer,Ontario,Chess
Aisha Gupta,aisha.gupta934@example.com,6322782932,56.0,Toronto,Canada,Doctor,Ontario,Volleyball
,ishaan.verma935@example.com,7560942807,62.0,Munich,Germany,,Bavaria,
Kabir Gupta,,9384103671,53.0,Chennai,India,Accountant,Tamil Nadu,Tennis
Sneha Gupta,sneha.gupta937@example.com,7625207674,47.0,Manchester,UK,Manager,England,Tennis
Rohan Sharma,rohan.sharma938@example.com,7412921051,53.0,Manchester,UK,Accountant,,Chess
Krishna Jain,krishna.jain939@example.com,6740212802,37.0,Munich,Germany,Designer,Bavaria,Hockey
Vivaan Gupta,vivaan.gupta940@example.com,,42.0,Hyderabad,India,Teacher,Telangana,
Priya Mehta,priya.mehta941@example.com,9359624038,22.0,Lucknow,India,Doctor,Uttar Pradesh,Tennis
Karan Nair,karan.nair942@example.com,8463606377,59.0,Los Angeles,USA,Designer,California,Kabaddi
Ananya Nair,ananya.nair943@example.com,6597180192,33.0,,Australia,Student,Victoria,Basketball
Krishna Khan,krishna.khan944@example.com,6995068044,26.0,Lucknow,India,Manager,Uttar Pradesh,Hockey
Karan Nair,karan.nair945@example.com,8923394117,40.0,Melbourne,Australia,Manager,Victoria,
Ishaan Rathore,ishaan.rathore946@example.com,8425863340,30.0,Jaipur,India,Consultant,Rajasthan,Football
Meera Jain,,7276334032,22.0,Pune,India,Developer,Maharashtra,Swimming
Ishaan Patel,ishaan.patel948@example.com,6705831019,44.0,Berlin,Germany,Designer,Berlin,Chess
Aditya Reddy,aditya.reddy949@example.com,7791864323,27.0,Bengaluru,,Student,Karnataka,Tennis
Diya Reddy,diya.reddy950@example.com,9303516325,61.0,Jaipur,India,Designer,Rajasthan,Swimming
Rahul Jain,rahul.jain951@example.com,,35.0,Bengaluru,India,Developer,Karnataka,Chess
Rohan Verma,rohan.verma952@example.com,8404133655,,Chicago,USA,Accountant,,Badminton
Vivaan Reddy,vivaan.reddy953@example.com,8456073549,40.0,Los Angeles,USA,Doctor,California,Swimming
Ananya Gupta,ananya.gupta954@example.com,7637989955,26.0,,India,Analyst,Tamil Nadu,Swimming
Rohan Kulkarni,rohan.kulkarni955@example.com,9170897202,50.0,Singapore,Singapore,,Singapore,Volleyball
Karan Mehta,,9609460439,63.0,Jaipur,India,Analyst,Rajasthan,Volleyball
Meera Nair,meera.nair957@example.com,7723909918,62.0,,UK,Engineer,England,Badminton
Aditya Das,aditya.das958@example.com,8687492689,28.0,London,UK,Analyst,England,Volleyball
Krishna Rathore,krishna.rathore959@example.com,6495554045,38.0,Ahmedabad,India,Doctor,Gujarat,
Sai Verma,sai.verma960@example.com,7099324042,33.0,Los Angeles,USA,Manager,California,Badminton
Meera Kulkarni,meera.kulkarni961@example.com,9363629895,41.0,Hyderabad,India,Analyst,Telangana,Football
Neha Joshi,neha.joshi962@example.com,9370329688,47.0,Vancouver,Canada,Manager,British Columbia,Swimming
Diya Gupta,diya.gupta963@example.com,9925257789,58.0,London,UK,Consultant,England,Kabaddi
Vihaan Jain,vihaan.jain964@example.com,6678801529,50.0,Melbourne,Australia,Consultant,,Football
Rahul Verma,rahul.verma965@example.com,7954394654,57.0,Vancouver,Canada,Student,British Columbia,Hockey
Neha Gupta,neha.gupta966@example.com,,22.0,Bhopal,India,Doctor,Madhya Pradesh,Badminton
Rahul Mehta,rahul.mehta967@example.com,8152287206,,,USA,Analyst,California,Volleyball
Rahul Gupta,rahul.gupta968@example.com,8649882898,24.0,Hyderabad,,Engineer,Telangana,Cricket
Krishna Das,krishna.das969@example.com,7627614057,23.0,Toronto,Canada,Teacher,Ontario,
Krishna Gupta,krishna.gupta970@example.com,7317592159,38.0,Berlin,Germany,Student,Berlin,Kabaddi
,aisha.rathore971@example.com,9055330007,37.0,,India,Designer,Rajasthan,Cricket
Kabir Joshi,kabir.joshi972@example.com,8392307135,,Toronto,Canada,Consultant,Ontario,Chess
Karan Nair,karan.nair973@example.com,8319744995,30.0,Jaipur,India,Teacher,Rajasthan,Cricket
Aarav Mishra,aarav.mishra974@example.com,,62.0,Sydney,Australia,Analyst,New South Wales,Volleyball
Aarav Verma,aarav.verma975@example.com,9778175053,61.0,Bengaluru,India,,Karnataka,Tennis
,aisha.patel976@example.com,7338472600,46.0,Chennai,India,Consultant,Tamil Nadu,Cricket
Kabir Kulkarni,kabir.kulkarni977@example.com,9424610625,35.0,Indore,India,Manager,Madhya Pradesh,Basketball
,ananya.mehta978@example.com,9862302468,29.0,Bengaluru,India,Engineer,Karnataka,
Arjun Reddy,arjun.reddy979@example.com,,33.0,London,UK,Manager,England,
Krishna Jain,krishna.jain980@example.com,6554853781,59.0,Sydney,Australia,Manager,New South Wales,Chess
Rohan Jain,rohan.jain981@example.com,7069576042,30.0,Toronto,Canada,,Ontario,Tennis
Rahul Rathore,rahul.rathore982@example.com,9871366704,46.0,Munich,,Student,Bavaria,Hockey
Rohan Rathore,rohan.rathore983@example.com,6122600686,18.0,Sydney,Australia,Developer,New South Wales,Tennis
Aditya Rathore,aditya.rathore984@example.com,7522048256,20.0,,India,,Madhya Pradesh,
Yash Patel,yash.patel985@example.com,6152619122,61.0,Melbourne,Australia,,,Badminton
Rohan Singh,rohan.singh986@example.com,,,Chennai,India,Student,Tamil Nadu,Football
Neha Khan,neha.khan987@example.com,9700240680,27.0,Hyderabad,India,Teacher,Telangana,Chess
Aisha Mehta,aisha.mehta988@example.com,,32.0,Los Angeles,USA,Accountant,California,Badminton
Neha Singh,neha.singh989@example.com,8577845495,35.0,Sydney,Australia,Designer,,Cricket
Rohan Joshi,rohan.joshi990@example.com,6105872027,21.0,Toronto,Canada,Student,,
Karan Joshi,karan.joshi991@example.com,7158757140,43.0,Berlin,Germany,Accountant,Berlin,Chess
Arjun Patel,arjun.patel992@example.com,7398497629,59.0,Vancouver,Canada,Doctor,British Columbia,Basketball
Rohan Patel,rohan.patel993@example.com,7214407129,57.0,Ahmedabad,India,Analyst,Gujarat,Basketball
,meera.patel994@example.com,8638114341,,London,UK,Engineer,England,Kabaddi
Ananya Das,ananya.das995@example.com,7277559406,,Indore,India,,Madhya Pradesh,Volleyball
Rohan Jain,rohan.jain996@example.com,6426364864,61.0,Hyderabad,India,Manager,Telangana,Swimming
Diya Verma,diya.verma997@example.com,9997048514,26.0,Lucknow,India,Engineer,Uttar Pradesh,Football
Vivaan Gupta,vivaan.gupta998@example.com,6753484291,58.0,Melbourne,,Consultant,Victoria,Volleyball
Priya Reddy,priya.reddy999@example.com,9807920357,41.0,Lucknow,India,Student,Uttar Pradesh,Hockey
Diya Gupta,diya.gupta1000@example.com,8202603413,33.0,Pune,India,Designer,Maharashtra,Chess
